Workbook

Sheet Guida
A1: Guida — Motore Prezzi Asta Fantacalcio
A2: Questo file calcola automaticamente un prezzo massimo consigliato e un range di valutazione per ciascun giocatore, in base al budget, alla rosa, alle regole della lega e ai dati FVM/statistici. Il motore si aggiorna modificando i parametri e gli assegnamenti dell'asta.
A3: Come e' organizzato il file
A5: • Info Lega: dati della tua lega (budget, rosa, regole, nomi squadre). 'La Mia Squadra' (B28) identifica la tua squadra.
A6: • Info Strategia: modulo preferito, aggressivita' e lista 'Giocatori Preferiti' (colonna D).
A7: • Parametri Modello: tutte le leve del motore prezzi, incluse soglia minima di presenze storiche e gestione della scarsita'.
A8: • Input Giocatori 2026_27: il listone originale, invariato — e' la fonte dati.
A9: • Output Utente: tabella madre con un giocatore per riga, prezzo consigliato, range, statistiche e stato dell'asta.
A10: • Giocatori Liberi: elenco ordinato dei giocatori non ancora assegnati; il calcolo della scarsita' puo' escludere i giocatori con Qt.A=1.
A11: • La Mia Rosa: la tua rosa attuale + budget speso/rimanente + slot per ruolo, live durante l'asta.
A12: Come si calcola il prezzo (Output Utente)
A14: 1. Prezzo Base FVM = (FVM del giocatore / Somma FVM Pool Totale) × Budget Totale Lega. Il pool comprende, per ciascun ruolo, i migliori N giocatori per FVM, dove N e' il numero totale di slot di quel ruolo nella lega. Il denominatore e' la somma dei pool di tutti i ruoli.
... A33: Aggressivita': e' una preferenza dell'utente, non un parametro che il motore deve ottimizzare. Rappresenta quanto l'utente vuole spingersi verso il limite alto del range, soprattutto sui giocatori preferiti. Il motore non deve interpretare un'aggressivita' alta come una maggiore disponibilita' economica: il Max Bid dinamico resta comunque vincolato dal budget e dalla riserva minima.

Sheet Stato Asta
A1: STATO ASTA — Auction State (si aggiorna da solo mentre assegni giocatori)
A3: Giocatori chiamati / Totale listone | C3: =COUNTIFS('Output Utente'!$D$2:$D$492,"<>")&" / "&COUNTA('Output Utente'!$A$2:$A$492) -> 0 / 491
A4: % Asta completata | C4: =COUNTIFS('Output Utente'!$D$2:$D$492,"<>")/COUNTA('Output Utente'!$A$2:$A$492) -> 0
A5: Budget medio residuo squadre attive | C5: {=AVERAGE(IF('Info Lega'!$D$9:$D$24="Si",'Info Lega'!$B$4-SUMIF('Output Utente'!$D$2:$D$492,'Info Lega'!$B$9:$B$24,'Output Utente'!$M$2:$M$492)))} -> 1000
A6: Prezzo medio pagato finora (tutti i ruoli) | C6: =IFERROR(AVERAGEIF('Output Utente'!$D$2:$D$492,"<>",'Output Utente'!$M$2:$M$492),"")
A8: Ruolo | B8: Top Rimasti | C8: Buoni Rimasti | D8: Top+Buoni Rimasti | E8: Slot Ancora da Riempire (Lega) | F8: Rapporto Qualità/Slot | G8: Pressione Asta | H8: Prezzo Medio Pagato
A9: P | B9: =COUNTIFS('Output Utente'!$B$2:$B$492,"P",'Output Utente'!$P$2:$P$492,"Top",'Output Utente'!$D$2:$D$492,"") -> 9 | C9: =COUNTIFS('Output Utente'!$B$2:$B$492,"P",'Output Utente'!$P$2:$P$492,"Buono",'Output Utente'!$D$2:$D$492,"") -> 15 | D9: =$B9+$C9 -> 24 | E9: ='Parametri Modello'!$D$32 -> 24 | F9: =IFERROR($D9/$E9,"") -> 1 | G9: =IF($E9=0,"— (ruolo esaurito)",IF($F9>='Parametri Modello'!$B$46,"🟢 Puoi aspettare",IF($F9>='Parametri Modello'!$B$47,"🟡 Attesa rischiosa","🔴 Non aspettare"))) -> 🟡 Attesa rischiosa | H9: =IFERROR(AVERAGEIFS('Output Utente'!$M$2:$M$492,'Output Utente'!$B$2:$B$492,"P",'Output Utente'!$D$2:$D$492,"<>"),"")
A10: D | B10: =COUNTIFS('Output Utente'!$B$2:$B$492,"D",'Output Utente'!$P$2:$P$492,"Top",'Output Utente'!$D$2:$D$492,"") -> 30 | C10: =COUNTIFS('Output Utente'!$B$2:$B$492,"D",'Output Utente'!$P$2:$P$492,"Buono",'Output Utente'!$D$2:$D$492,"") -> 47 | D10: =$B10+$C10 -> 77 | E10: ='Parametri Modello'!$D$33 -> 64 | F10: =IFERROR($D10/$E10,"") -> 1.203125 | G10: =IF($E10=0,"— (ruolo esaurito)",IF($F10>='Parametri Modello'!$B$46,"🟢 Puoi aspettare",IF($F10>='Parametri Modello'!$B$47,"🟡 Attesa rischiosa","🔴 Non aspettare"))) -> 🟡 Attesa rischiosa | H10: =IFERROR(AVERAGEIFS('Output Utente'!$M$2:$M$492,'Output Utente'!$B$2:$B$492,"D",'Output Utente'!$D$2:$D$492,"<>"),"")
A11: C | B11: =COUNTIFS('Output Utente'!$B$2:$B$492,"C",'Output Utente'!$P$2:$P$492,"Top",'Output Utente'!$D$2:$D$492,"") -> 26 | C11: =COUNTIFS('Output Utente'!$B$2:$B$492,"C",'Output Utente'!$P$2:$P$492,"Buono",'Output Utente'!$D$2:$D$492,"") -> 44 | D11: =$B11+$C11 -> 70 | E11: ='Parametri Modello'!$D$34 -> 64 | F11: =IFERROR($D11/$E11,"") -> 1.09375 | G11: =IF($E11=0,"— (ruolo esaurito)",IF($F11>='Parametri Modello'!$B$46,"🟢 Puoi aspettare",IF($F11>='Parametri Modello'!$B$47,"🟡 Attesa rischiosa","🔴 Non aspettare"))) -> 🟡 Attesa rischiosa | H11: =IFERROR(AVERAGEIFS('Output Utente'!$M$2:$M$492,'Output Utente'!$B$2:$B$492,"C",'Output Utente'!$D$2:$D$492,"<>"),"")
A12: A | B12: =COUNTIFS('Output Utente'!$B$2:$B$492,"A",'Output Utente'!$P$2:$P$492,"Top",'Output Utente'!$D$2:$D$492,"") -> 13 | C12: =COUNTIFS('Output Utente'!$B$2:$B$492,"A",'Output Utente'!$P$2:$P$492,"Buono",'Output Utente'!$D$2:$D$492,"") -> 22 | D12: =$B12+$C12 -> 35 | E12: ='Parametri Modello'!$D$35 -> 48 | F12: =IFERROR($D12/$E12,"") -> 0.72916667 | G12: =IF($E12=0,"— (ruolo esaurito)",IF($F12>='Parametri Modello'!$B$46,"🟢 Puoi aspettare",IF($F12>='Parametri Modello'!$B$47,"🟡 Attesa rischiosa","🔴 Non aspettare"))) -> 🔴 Non aspettare | H12: =IFERROR(AVERAGEIFS('Output Utente'!$M$2:$M$492,'Output Utente'!$B$2:$B$492,"A",'Output Utente'!$D$2:$D$492,"<>"),"")
A15: Nota: Top/Buoni sono la Fascia Aspettativa di Output Utente (posizione nel FVM di ruolo), non una previsione — quindi "Top rimasti" scende man mano che chiami giocatori di quella fascia, indipendentemente da chi li compra.

Sheet Info Lega
A2: Nome Lega | B2: Lega Amici | C2: Opzionale
A3: Numero di Partecipanti | B3: 8
A4: Budget Iniziale | B4: 1000
A5: Portieri Rosa | B5: 3
A6: Difensori Rosa | B6: 8
A7: Centrocampisti Rosa | B7: 8
A8: Attaccanti Rosa | B8: 6 | D8: Attiva
A9: Nome Squadra 1 | B9: xxx1 | D9: =IF(ROW()-8<=$B$3,"Si","No") -> Si
A10: Nome Squadra 2 | B10: xxx2 | D10: =IF(ROW()-8<=$B$3,"Si","No") -> Si
A11: Nome Squadra 3 | B11: xxx3 | D11: =IF(ROW()-8<=$B$3,"Si","No") -> Si
A12: Nome Squadra 4 | B12: xxx4 | D12: =IF(ROW()-8<=$B$3,"Si","No") -> Si
A13: Nome Squadra 5 | B13: xxx5 | D13: =IF(ROW()-8<=$B$3,"Si","No") -> Si
A14: Nome Squadra 6 | B14: xxx6 | D14: =IF(ROW()-8<=$B$3,"Si","No") -> Si
A15: Nome Squadra 7 | B15: xxx7 | D15: =IF(ROW()-8<=$B$3,"Si","No") -> Si
A16: Nome Squadra 8 | B16: xxx8 | D16: =IF(ROW()-8<=$B$3,"Si","No") -> Si
A17: Nome Squadra 9 | B17: xxx9 | D17: =IF(ROW()-8<=$B$3,"Si","No") -> No
A18: Nome Squadra 10 | B18: xxx10 | D18: =IF(ROW()-8<=$B$3,"Si","No") -> No
A19: Nome Squadra 11 | B19: xxx11 | D19: =IF(ROW()-8<=$B$3,"Si","No") -> No
A20: Nome Squadra 12 | B20: xxx12 | D20: =IF(ROW()-8<=$B$3,"Si","No") -> No
... A24: Nome Squadra 16 | B24: xxx16 | D24: =IF(ROW()-8<=$B$3,"Si","No") -> No
A25: Modificatore Difesa | B25: Si
A26: Modificatore Centrocampo | B26: No
A27: Regole chiamata giocatori | B27: A Chiamata Libera
A28: La Mia Squadra | B28: xxx1 | C28: Seleziona il tuo nome squadra dalla lista sopra (B9:B24)

Sheet Info Strategia
A1: Modulo Preferito | B1: 3-4-3 | D1: Lista Giocatori Preferiti (nome esatto come in Input Giocatori)
A2: D | B2: =MID(B1,1,1) -> 3
A3: C | B3: =MID(B1,3,1) -> 4
A4: A | B4: =MID(B1,5,1) -> 3
A5: Giocatori Preferiti
A6: Aggressivita | B6: 0.7

Sheet Input Giocatori 2026_27
A1: Quotazioni Fantacalcio Stagione 2026 27
A2: Id | B2: R | C2: Nome | D2: Squadra | E2: Qt.A | F2: Qt.I | G2: FVM/1000
A3: 5841 | B3: P | C3: Svilar | D3: Roma | E3: 18 | F3: 18 | G3: 65
A4: 5116 | B4: P | C4: Martinez Jo. | D4: Inter | E4: 17 | F4: 17 | G4: 63
A5: 4431 | B5: P | C5: Carnesecchi | D5: Atalanta | E5: 16 | F5: 16 | G5: 52
A6: 6966 | B6: P | C6: Butez | D6: Como | E6: 16 | F6: 16 | G6: 56
A7: 4312 | B7: P | C7: Maignan | D7: Milan | E7: 15 | F7: 15 | G7: 50
A8: 2521 | B8: P | C8: De Gea | D8: Fiorentina | E8: 13 | F8: 13 | G8: 45
A9: 572 | B9: P | C9: Meret | D9: Napoli | E9: 11 | F9: 11 | G9: 45
A10: 133 | B10: P | C10: Skorupski | D10: Bologna | E10: 10 | F10: 10 | G10: 37
A11: 4360 | B11: P | C11: Caprile | D11: Cagliari | E11: 9 | F11: 9 | G11: 27
A12: 5876 | B12: P | C12: Di Gregorio | D12: Juventus | E12: 9 | F12: 9 | G12: 40
A13: 6482 | B13: P | C13: Mandas | D13: Lazio | E13: 9 | F13: 9 | G13: 30
A14: 6462 | B14: P | C14: Okoye | D14: Udinese | E14: 9 | F14: 9 | G14: 29
... A493: 7482 | B493: A | C493: Lauberbach | D493: Venezia | E493: 1 | F493: 1 | G493: 1

Sheet Output Utente
A1: Id | B1: R | C1: Nome | D1: Squadra Assegnata | E1: Whichlist | F1: Offerta Max | G1: Valutazione Min | H1: Valutazione Max | I1: Presenze 25/26 (Pv) | J1: Assenze 25/26 (stim.) | K1: Gol 25/26 | L1: Assist 25/26 | M1: Prezzo Pagato | N1: Qt.A | O1: FVM/1000 | P1: Fascia Aspettativa | Q1: _OrdineLiberi | R1: _OrdineMiaRosa | S1: Mv 25/26 | T1: Fm 25/26 | U1: Sostenibilità Budget | V1: Rank FVM nel Ruolo | W1: Budget Residuo | X1: Slot Residui | Y1: Budget Minimo Riserva | Z1: Budget Spendibile | AA1: Offerta Max Dinamica | AB1: Prezzo Corrente | AC1: Decisione Live | AD1: Confidence Storico | AE1: Pressione Ruolo
A2: 2764 | B2: A | C2: Martinez L. | E2: =IF(COUNTIF('Info Strategia'!$D$2:$D$51,$C2)>0,"SI","NO") -> NO | F2: =IFERROR(ROUND(($G2+($H2-$G2)*'Info Strategia'!$B$6)*(1+IF($E2="SI",'Parametri Modello'!$B$7*'Info Strategia'!$B$6,0)),0),"") -> 397 | G2: =IFERROR(ROUND(MAX(1,(IF($V2<=INDEX('Parametri Modello'!$C$57:$C$60,MATCH($B2,'Parametri Modello'!$A$57:$A$60,0)),IF(INDEX('Parametri Modello'!$E$57:$E$60,MATCH($B2,'Parametri Modello'!$A$57:$A$60,0))=0,0,($O2/INDEX('Parametri Modello'!$E$57:$E$60,MATCH($B2,'Parametri Modello'!$A$57:$A$60,0)))*(INDEX('Parametri Modello'!$D$57:$D$60,MATCH($B2,'Parametri Modello'!$A$57:$A$60,0))*(INDEX('Parametri Modello'!$B$50:$B$53,MATCH($B2,'Parametri Modello'!$A$50:$A$53,0))*'Parametri Modello'!$B$44))),IF(INDEX('Parametri Modello'!$F$57:$F$60,MATCH($B2,'Parametri Modello'!$A$57:$A$60,0))=0,0,($O2/INDEX('Parametri Modello'!$F$57:$F$60,MATCH($B2,'Parametri Modello'!$A$57:$A$60,0)))*((1-INDEX('Parametri Modello'!$D$57:$D$60,MATCH($B2,'Parametri Modello'!$A$57:$A$60,0)))*(INDEX('Parametri Modello'!$B$50:$B$53,MATCH($B2,'Parametri Modello'!$A$50:$A$53,0))*'Parametri Modello'!$B$44))))*(1+IF(IF($B2="D",'Info Lega'!$B$25,IF($B2="C",'Info Lega'!$B$26,"No"))="Si",'Parametri Modello'!$B$5,0))*(1+MAX(-0.25,MIN(0.25,IF(OR($T2="",$I2="",$I2=0,INDEX('Parametri Modello'!$B$19:$B$22,MATCH($B2,'Parametri Modello'!$A$19:$A$22,0))="",INDEX('Parametri Modello'!$B$19:$B$22,MATCH($B2,'Parametri Modello'!$A$19:$A$22,0))=0),0,(($T2-INDEX('Parametri Modello'!$B$19:$B$22,MATCH($B2,'Parametri Modello'!$A$19:$A$22,0)))/INDEX('Parametri Modello'!$B$19:$B$22,MATCH($B2,'Parametri Modello'!$A$19:$A$22,0)))*'Parametri Modello'!$B$9))))*(1+IF('Parametri Modello'!$B$27="Si",MAX(-'Parametri Modello'!$B$28,MIN('Parametri Modello'!$B$28*1.5,IF(OR(INDEX('Parametri Modello'!$F$32:$F$35,MATCH($B2,'Parametri Modello'!$A$32:$A$35,0))="",INDEX('Parametri Modello'!$F$32:$F$35,MATCH($B2,'Parametri Modello'!$A$32:$A$35,0))=0),0,(1/INDEX('Parametri Modello'!$F$32:$F$35,MATCH($B2,'Parametri Modello'!$A$32:$A$35,0))-1)*'Parametri Modello'!$B$28))),0)))*(1-INDEX('Parametri Modello'!$B$12:$B$15,MATCH($B2,'Parametri Modello'!$A$12:$A$15,0)))),0),"") -> 248 | H2: =IFERROR(ROUND((IF($V2<=INDEX('Parametri Modello'!$C$57:$C$60,MATCH($B2,'Parametri Modello'!$A$57:$A$60,0)),IF(INDEX('Parametri Modello'!$E$57:$E$60,MATCH($B2,'Parametri Modello'!$A$57:$A$60,0))=0,0,($O2/INDEX('Parametri Modello'!$E$57:$E$60,MATCH($B2,'Parametri Modello'!$A$57:$A$60,0)))*(INDEX('Parametri Modello'!$D$57:$D$60,MATCH($B2,'Parametri Modello'!$A$57:$A$60,0))*(INDEX('Parametri Modello'!$B$50:$B$53,MATCH($B2,'Parametri Modello'!$A$50:$A$53,0))*'Parametri Modello'!$B$44))),IF(INDEX('Parametri Modello'!$F$57:$F$60,MATCH($B2,'Parametri Modello'!$A$57:$A$60,0))=0,0,($O2/INDEX('Parametri Modello'!$F$57:$F$60,MATCH($B2,'Parametri Modello'!$A$57:$A$60,0)))*((1-INDEX('Parametri Modello'!$D$57:$D$60,MATCH($B2,'Parametri Modello'!$A$57:$A$60,0)))*(INDEX('Parametri Modello'!$B$50:$B$53,MATCH($B2,'Parametri Modello'!$A$50:$A$53,0))*'Parametri Modello'!$B$44))))*(1+IF(IF($B2="D",'Info Lega'!$B$25,IF($B2="C",'Info Lega'!$B$26,"No"))="Si",'Parametri Modello'!$B$5,0))*(1+MAX(-0.25,MIN(0.25,IF(OR($T2="",$I2="",$I2=0,INDEX('Parametri Modello'!$B$19:$B$22,MATCH($B2,'Parametri Modello'!$A$19:$A$22,0))="",INDEX('Parametri Modello'!$B$19:$B$22,MATCH($B2,'Parametri Modello'!$A$19:$A$22,0))=0),0,(($T2-INDEX('Parametri Modello'!$B$19:$B$22,MATCH($B2,'Parametri Modello'!$A$19:$A$22,0)))/INDEX('Parametri Modello'!$B$19:$B$22,MATCH($B2,'Parametri Modello'!$A$19:$A$22,0)))*'Parametri Modello'!$B$9))))*(1+IF('Parametri Modello'!$B$27="Si",MAX(-'Parametri Modello'!$B$28,MIN('Parametri Modello'!$B$28*1.5,IF(OR(INDEX('Parametri Modello'!$F$32:$F$35,MATCH($B2,'Parametri Modello'!$A$32:$A$35,0))="",INDEX('Parametri Modello'!$F$32:$F$35,MATCH($B2,'Parametri Modello'!$A$32:$A$35,0))=0),0,(1/INDEX('Parametri Modello'!$F$32:$F$35,MATCH($B2,'Parametri Modello'!$A$32:$A$35,0))-1)*'Parametri Modello'!$B$28))),0)))*(1+INDEX('Parametri Modello'!$B$12:$B$15,MATCH($B2,'Parametri Modello'!$A$12:$A$15,0))),0),"") -> 461 | I2: =IFERROR(INDEX('Input Statistiche 2025_26'!$F$3:$F$665,MATCH($A2,'Input Statistiche 2025_26'!$A$3:$A$665,0)),"") -> 30 | J2: =IFERROR(IF($I2="","",MAX(0,38-$I2)),"") -> 8 | K2: =IFERROR(INDEX('Input Statistiche 2025_26'!$I$3:$I$665,MATCH($A2,'Input Statistiche 2025_26'!$A$3:$A$665,0)),"") -> 17 | L2: =IFERROR(INDEX('Input Statistiche 2025_26'!$O$3:$O$665,MATCH($A2,'Input Statistiche 2025_26'!$A$3:$A$665,0)),"") -> 6 | N2: =IFERROR(INDEX('Input Giocatori 2026_27'!$E$3:$E$493,MATCH($A2,'Input Giocatori 2026_27'!$A$3:$A$493,0)),"") -> 35 | O2: =IFERROR(INDEX('Input Giocatori 2026_27'!$G$3:$G$493,MATCH($A2,'Input Giocatori 2026_27'!$A$3:$A$493,0)),"") -> 370 | P2: =IFERROR(IF($O2="","",IF((1-(COUNTIFS($B$2:$B$492,$B2,$O$2:$O$492,">"&$O2)+1-1)/COUNTIF($B$2:$B$492,$B2))>=0.85,"Top",IF((1-(COUNTIFS($B$2:$B$492,$B2,$O$2:$O$492,">"&$O2)+1-1)/COUNTIF($B$2:$B$492,$B2))>=0.6,"Buono",IF((1-(COUNTIFS($B$2:$B$492,$B2,$O$2:$O$492,">"&$O2)+1-1)/COUNTIF($B$2:$B$492,$B2))>=0.3,"Nella Media","Scommessa/Riserva")))),"") -> Top | Q2: =IF($D2="",COUNTIF($D$2:$D2,""),"") -> 1 | R2: =IF($D2='Info Lega'!$B$28,COUNTIFS($D$2:$D2,'Info Lega'!$B$28),"") | S2: =IFERROR(INDEX('Input Statistiche 2025_26'!$G$3:$G$665,MATCH($A2,'Input Statistiche 2025_26'!$A$3:$A$665,0)),"") -> 6.42 | T2: =IFERROR(INDEX('Input Statistiche 2025_26'!$H$3:$H$665,MATCH($A2,'Input Statistiche 2025_26'!$A$3:$A$665,0)),"") -> 8.25 | U2: =IF(OR('La Mia Rosa'!$O$12="",$D2<>""),"",IF($F2<='La Mia Rosa'!$O$12*'Parametri Modello'!$B$24,"OK",IF($F2<='La Mia Rosa'!$O$12*'Parametri Modello'!$B$25,"Attenzione","Rischio Alto"))) -> Rischio Alto | V2: =IFERROR(COUNTIFS($B$2:$B$492,$B2,$O$2:$O$492,">"&$O2)+1,"") -> 1 | W2: ='Info Lega'!$B$4-SUMIFS($M$2:$M$492,$D$2:$D$492,'Info Lega'!$B$28) -> 1000 | X2: =('Info Lega'!$B$5-COUNTIFS($D$2:$D$492,'Info Lega'!$B$28,$B$2:$B$492,"P"))+('Info Lega'!$B$6-COUNTIFS($D$2:$D$492,'Info Lega'!$B$28,$B$2:$B$492,"D"))+('Info Lega'!$B$7-COUNTIFS($D$2:$D$492,'Info Lega'!$B$28,$B$2:$B$492,"C"))+('Info Lega'!$B$8-COUNTIFS($D$2:$D$492,'Info Lega'!$B$28,$B$2:$B$492,"A")) -> 25 | Y2: =X2*'Parametri Modello'!$B$30 -> 25 | Z2: =MAX(0,W2-Y2) -> 975 | AA2: =MIN(F2,Z2) -> 397 | AC2: =IF(AB2="","",IF(AB2>AA2,"PASS",IF(AB2<=AA2*0.85,"BID","ATTENZIONE"))) | AD2: =IF(I2="","",ROUND(100*(1-EXP(-I2/30)),0)) -> 63 | AE2: =IFERROR(INDEX('Stato Asta'!$G$9:$G$12,MATCH($B2,'Stato Asta'!$A$9:$A$12,0)),"") -> 🔴 Non aspettare
A3: 5585 | B3: A | C3: Malen | E3: =IF(COUNTIF('Info Strategia'!$D$2:$D$51,$C3)>0,"SI","NO") -> NO | F3: =IFERROR(ROUND(($G3+($H3-$G3)*'Info Strategia'!$B$6)*(1+IF($E3="SI",'Parametri Modello'!$B$7*'Info Strategia'!$B$6,0)),0),"") -> 400 | G3: =IFERROR(ROUND(MAX(1,(IF($V3<=INDEX('Parametri Modello'!$C$57:$C$60,MATCH($B3,'Parametri Modello'!$A$57:$A$60,0)),IF(INDEX('Parametri Modello'!$E$57:$E$60,MATCH($B3,'Parametri Modello'!$A$57:$A$60,0))=0,0,($O3/INDEX('Parametri Modello'!$E$57:$E$60,MATCH($B3,'Parametri Modello'!$A$57:$A$60,0)))*(INDEX('Parametri Modello'!$D$57:$D$60,MATCH($B3,'Parametri Modello'!$A$57:$A$60,0))*(INDEX('Parametri Modello'!$B$50:$B$53,MATCH($B3,'Parametri Modello'!$A$50:$A$53,0))*'Parametri Modello'!$B$44))),IF(INDEX('Parametri Modello'!$F$57:$F$60,MATCH($B3,'Parametri Modello'!$A$57:$A$60,0))=0,0,($O3/INDEX('Parametri Modello'!$F$57:$F$60,MATCH($B3,'Parametri Modello'!$A$57:$A$60,0)))*((1-INDEX('Parametri Modello'!$D$57:$D$60,MATCH($B3,'Parametri Modello'!$A$57:$A$60,0)))*(INDEX('Parametri Modello'!$B$50:$B$53,MATCH($B3,'Parametri Modello'!$A$50:$A$53,0))*'Parametri Modello'!$B$44))))*(1+IF(IF($B3="D",'Info Lega'!$B$25,IF($B3="C",'Info Lega'!$B$26,"No"))="Si",'Parametri Modello'!$B$5,0))*(1+MAX(-0.25,MIN(0.25,IF(OR($T3="",$I3="",$I3=0,INDEX('Parametri Modello'!$B$19:$B$22,MATCH($B3,'Parametri Modello'!$A$19:$A$22,0))="",INDEX('Parametri Modello'!$B$19:$B$22,MATCH($B3,'Parametri Modello'!$A$19:$A$22,0))=0),0,(($T3-INDEX('Parametri Modello'!$B$19:$B$22,MATCH($B3,'Parametri Modello'!$A$19:$A$22,0)))/INDEX('Parametri Modello'!$B$19:$B$22,MATCH($B3,'Parametri Modello'!$A$19:$A$22,0)))*'Parametri Modello'!$B$9))))*(1+IF('Parametri Modello'!$B$27="Si",MAX(-'Parametri Modello'!$B$28,MIN('Parametri Modello'!$B$28*1.5,IF(OR(INDEX('Parametri Modello'!$F$32:$F$35,MATCH($B3,'Parametri Modello'!$A$32:$A$35,0))="",INDEX('Parametri Modello'!$F$32:$F$35,MATCH($B3,'Parametri Modello'!$A$32:$A$35,0))=0),0,(1/INDEX('Parametri Modello'!$F$32:$F$35,MATCH($B3,'Parametri Modello'!$A$32:$A$35,0))-1)*'Parametri Modello'!$B$28))),0)))*(1-INDEX('Parametri Modello'!$B$12:$B$15,MATCH($B3,'Parametri Modello'!$A$12:$A$15,0)))),0),"") -> 250 | H3: =IFERROR(ROUND((IF($V3<=INDEX('Parametri Modello'!$C$57:$C$60,MATCH($B3,'Parametri Modello'!$A$57:$A$60,0)),IF(INDEX('Parametri Modello'!$E$57:$E$60,MATCH($B3,'Parametri Modello'!$A$57:$A$60,0))=0,0,($O3/INDEX('Parametri Modello'!$E$57:$E$60,MATCH($B3,'Parametri Modello'!$A$57:$A$60,0)))*(INDEX('Parametri Modello'!$D$57:$D$60,MATCH($B3,'Parametri Modello'!$A$57:$A$60,0))*(INDEX('Parametri Modello'!$B$50:$B$53,MATCH($B3,'Parametri Modello'!$A$50:$A$53,0))*'Parametri Modello'!$B$44))),IF(INDEX('Parametri Modello'!$F$57:$F$60,MATCH($B3,'Parametri Modello'!$A$57:$A$60,0))=0,0,($O3/INDEX('Parametri Modello'!$F$57:$F$60,MATCH($B3,'Parametri Modello'!$A$57:$A$60,0)))*((1-INDEX('Parametri Modello'!$D$57:$D$60,MATCH($B3,'Parametri Modello'!$A$57:$A$60,0)))*(INDEX('Parametri Modello'!$B$50:$B$53,MATCH($B3,'Parametri Modello'!$A$50:$A$53,0))*'Parametri Modello'!$B$44))))*(1+IF(IF($B3="D",'Info Lega'!$B$25,IF($B3="C",'Info Lega'!$B$26,"No"))="Si",'Parametri Modello'!$B$5,0))*(1+MAX(-0.25,MIN(0.25,IF(OR($T3="",$I3="",$I3=0,INDEX('Parametri Modello'!$B$19:$B$22,MATCH($B3,'Parametri Modello'!$A$19:$A$22,0))="",INDEX('Parametri Modello'!$B$19:$B$22,MATCH($B3,'Parametri Modello'!$A$19:$A$22,0))=0),0,(($T3-INDEX('Parametri Modello'!$B$19:$B$22,MATCH($B3,'Parametri Modello'!$A$19:$A$22,0)))/INDEX('Parametri Modello'!$B$19:$B$22,MATCH($B3,'Parametri Modello'!$A$19:$A$22,0)))*'Parametri Modello'!$B$9))))*(1+IF('Parametri Modello'!$B$27="Si",MAX(-'Parametri Modello'!$B$28,MIN('Parametri Modello'!$B$28*1.5,IF(OR(INDEX('Parametri Modello'!$F$32:$F$35,MATCH($B3,'Parametri Modello'!$A$32:$A$35,0))="",INDEX('Parametri Modello'!$F$32:$F$35,MATCH($B3,'Parametri Modello'!$A$32:$A$35,0))=0),0,(1/INDEX('Parametri Modello'!$F$32:$F$35,MATCH($B3,'Parametri Modello'!$A$32:$A$35,0))-1)*'Parametri Modello'!$B$28))),0)))*(1+INDEX('Parametri Modello'!$B$12:$B$15,MATCH($B3,'Parametri Modello'!$A$12:$A$15,0))),0),"") -> 464 | I3: =IFERROR(INDEX('Input Statistiche 2025_26'!$F$3:$F$665,MATCH($A3,'Input Statistiche 2025_26'!$A$3:$A$665,0)),"") -> 18 | J3: =IFERROR(IF($I3="","",MAX(0,38-$I3)),"") -> 20 | K3: =IFERROR(INDEX('Input Statistiche 2025_26'!$I$3:$I$665,MATCH($A3,'Input Statistiche 2025_26'!$A$3:$A$665,0)),"") -> 14 | L3: =IFERROR(INDEX('Input Statistiche 2025_26'!$O$3:$O$665,MATCH($A3,'Input Statistiche 2025_26'!$A$3:$A$665,0)),"") -> 2 | N3: =IFERROR(INDEX('Input Giocatori 2026_27'!$E$3:$E$493,MATCH($A3,'Input Giocatori 2026_27'!$A$3:$A$493,0)),"") -> 34 | O3: =IFERROR(INDEX('Input Giocatori 2026_27'!$G$3:$G$493,MATCH($A3,'Input Giocatori 2026_27'!$A$3:$A$493,0)),"") -> 365 | P3: =IFERROR(IF($O3="","",IF((1-(COUNTIFS($B$2:$B$492,$B3,$O$2:$O$492,">"&$O3)+1-1)/COUNTIF($B$2:$B$492,$B3))>=0.85,"Top",IF((1-(COUNTIFS($B$2:$B$492,$B3,$O$2:$O$492,">"&$O3)+1-1)/COUNTIF($B$2:$B$492,$B3))>=0.6,"Buono",IF((1-(COUNTIFS($B$2:$B$492,$B3,$O$2:$O$492,">"&$O3)+1-1)/COUNTIF($B$2:$B$492,$B3))>=0.3,"Nella Media","Scommessa/Riserva")))),"") -> Top | Q3: =IF($D3="",COUNTIF($D$2:$D3,""),"") -> 2 | R3: =IF($D3='Info Lega'!$B$28,COUNTIFS($D$2:$D3,'Info Lega'!$B$28),"") | S3: =IFERROR(INDEX('Input Statistiche 2025_26'!$G$3:$G$665,MATCH($A3,'Input Statistiche 2025_26'!$A$3:$A$665,0)),"") -> 6.72 | T3: =IFERROR(INDEX('Input Statistiche 2025_26'!$H$3:$H$665,MATCH($A3,'Input Statistiche 2025_26'!$A$3:$A$665,0)),"") -> 8.97 | U3: =IF(OR('La Mia Rosa'!$O$12="",$D3<>""),"",IF($F3<='La Mia Rosa'!$O$12*'Parametri Modello'!$B$24,"OK",IF($F3<='La Mia Rosa'!$O$12*'Parametri Modello'!$B$25,"Attenzione","Rischio Alto"))) -> Rischio Alto | V3: =IFERROR(COUNTIFS($B$2:$B$492,$B3,$O$2:$O$492,">"&$O3)+1,"") -> 2 | W3: ='Info Lega'!$B$4-SUMIFS($M$2:$M$492,$D$2:$D$492,'Info Lega'!$B$28) -> 1000 | X3: =('Info Lega'!$B$5-COUNTIFS($D$2:$D$492,'Info Lega'!$B$28,$B$2:$B$492,"P"))+('Info Lega'!$B$6-COUNTIFS($D$2:$D$492,'Info Lega'!$B$28,$B$2:$B$492,"D"))+('Info Lega'!$B$7-COUNTIFS($D$2:$D$492,'Info Lega'!$B$28,$B$2:$B$492,"C"))+('Info Lega'!$B$8-COUNTIFS($D$2:$D$492,'Info Lega'!$B$28,$B$2:$B$492,"A")) -> 25 | Y3: =X3*'Parametri Modello'!$B$30 -> 25 | Z3: =MAX(0,W3-Y3) -> 975 | AA3: =MIN(F3,Z3) -> 400 | AC3: =IF(AB3="","",IF(AB3>AA3,"PASS",IF(AB3<=AA3*0.85,"BID","ATTENZIONE"))) | AD3: =IF(I3="","",ROUND(100*(1-EXP(-I3/30)),0)) -> 45 | AE3: =IFERROR(INDEX('Stato Asta'!$G$9:$G$12,MATCH($B3,'Stato Asta'!$A$9:$A$12,0)),"") -> 🔴 Non aspettare
A4: 4871 | B4: A | C4: Thuram | E4: =IF(COUNTIF('Info Strategia'!$D$2:$D$51,$C4)>0,"SI","NO") -> NO | F4: =IFERROR(ROUND(($G4+($H4-$G4)*'Info Strategia'!$B$6)*(1+IF($E4="SI",'Parametri Modello'!$B$7*'Info Strategia'!$B$6,0)),0),"") -> 298 | G4: =IFERROR(ROUND(MAX(1,(IF($V4<=INDEX('Parametri Modello'!$C$57:$C$60,MATCH($B4,'Parametri Modello'!$A$57:$A$60,0)),IF(INDEX('Parametri Modello'!$E$57:$E$60,MATCH($B4,'Parametri Modello'!$A$57:$A$60,0))=0,0,($O4/INDEX('Parametri Modello'!$E$57:$E$60,MATCH($B4,'Parametri Modello'!$A$57:$A$60,0)))*(INDEX('Parametri Modello'!$D$57:$D$60,MATCH($B4,'Parametri Modello'!$A$57:$A$60,0))*(INDEX('Parametri Modello'!$B$50:$B$53,MATCH($B4,'Parametri Modello'!$A$50:$A$53,0))*'Parametri Modello'!$B$44))),IF(INDEX('Parametri Modello'!$F$57:$F$60,MATCH($B4,'Parametri Modello'!$A$57:$A$60,0))=0,0,($O4/INDEX('Parametri Modello'!$F$57:$F$60,MATCH($B4,'Parametri Modello'!$A$57:$A$60,0)))*((1-INDEX('Parametri Modello'!$D$57:$D$60,MATCH($B4,'Parametri Modello'!$A$57:$A$60,0)))*(INDEX('Parametri Modello'!$B$50:$B$53,MATCH($B4,'Parametri Modello'!$A$50:$A$53,0))*'Parametri Modello'!$B$44))))*(1+IF(IF($B4="D",'Info Lega'!$B$25,IF($B4="C",'Info Lega'!$B$26,"No"))="Si",'Parametri Modello'!$B$5,0))*(1+MAX(-0.25,MIN(0.25,IF(OR($T4="",$I4="",$I4=0,INDEX('Parametri Modello'!$B$19:$B$22,MATCH($B4,'Parametri Modello'!$A$19:$A$22,0))="",INDEX('Parametri Modello'!$B$19:$B$22,MATCH($B4,'Parametri Modello'!$A$19:$A$22,0))=0),0,(($T4-INDEX('Parametri Modello'!$B$19:$B$22,MATCH($B4,'Parametri Modello'!$A$19:$A$22,0)))/INDEX('Parametri Modello'!$B$19:$B$22,MATCH($B4,'Parametri Modello'!$A$19:$A$22,0)))*'Parametri Modello'!$B$9))))*(1+IF('Parametri Modello'!$B$27="Si",MAX(-'Parametri Modello'!$B$28,MIN('Parametri Modello'!$B$28*1.5,IF(OR(INDEX('Parametri Modello'!$F$32:$F$35,MATCH($B4,'Parametri Modello'!$A$32:$A$35,0))="",INDEX('Parametri Modello'!$F$32:$F$35,MATCH($B4,'Parametri Modello'!$A$32:$A$35,0))=0),0,(1/INDEX('Parametri Modello'!$F$32:$F$35,MATCH($B4,'Parametri Modello'!$A$32:$A$35,0))-1)*'Parametri Modello'!$B$28))),0)))*(1-INDEX('Parametri Modello'!$B$12:$B$15,MATCH($B4,'Parametri Modello'!$A$12:$A$15,0)))),0),"") -> 186 | H4: =IFERROR(ROUND((IF($V4<=INDEX('Parametri Modello'!$C$57:$C$60,MATCH($B4,'Parametri Modello'!$A$57:$A$60,0)),IF(INDEX('Parametri Modello'!$E$57:$E$60,MATCH($B4,'Parametri Modello'!$A$57:$A$60,0))=0,0,($O4/INDEX('Parametri Modello'!$E$57:$E$60,MATCH($B4,'Parametri Modello'!$A$57:$A$60,0)))*(INDEX('Parametri Modello'!$D$57:$D$60,MATCH($B4,'Parametri Modello'!$A$57:$A$60,0))*(INDEX('Parametri Modello'!$B$50:$B$53,MATCH($B4,'Parametri Modello'!$A$50:$A$53,0))*'Parametri Modello'!$B$44))),IF(INDEX('Parametri Modello'!$F$57:$F$60,MATCH($B4,'Parametri Modello'!$A$57:$A$60,0))=0,0,($O4/INDEX('Parametri Modello'!$F$57:$F$60,MATCH($B4,'Parametri Modello'!$A$57:$A$60,0)))*((1-INDEX('Parametri Modello'!$D$57:$D$60,MATCH($B4,'Parametri Modello'!$A$57:$A$60,0)))*(INDEX('Parametri Modello'!$B$50:$B$53,MATCH($B4,'Parametri Modello'!$A$50:$A$53,0))*'Parametri Modello'!$B$44))))*(1+IF(IF($B4="D",'Info Lega'!$B$25,IF($B4="C",'Info Lega'!$B$26,"No"))="Si",'Parametri Modello'!$B$5,0))*(1+MAX(-0.25,MIN(0.25,IF(OR($T4="",$I4="",$I4=0,INDEX('Parametri Modello'!$B$19:$B$22,MATCH($B4,'Parametri Modello'!$A$19:$A$22,0))="",INDEX('Parametri Modello'!$B$19:$B$22,MATCH($B4,'Parametri Modello'!$A$19:$A$22,0))=0),0,(($T4-INDEX('Parametri Modello'!$B$19:$B$22,MATCH($B4,'Parametri Modello'!$A$19:$A$22,0)))/INDEX('Parametri Modello'!$B$19:$B$22,MATCH($B4,'Parametri Modello'!$A$19:$A$22,0)))*'Parametri Modello'!$B$9))))*(1+IF('Parametri Modello'!$B$27="Si",MAX(-'Parametri Modello'!$B$28,MIN('Parametri Modello'!$B$28*1.5,IF(OR(INDEX('Parametri Modello'!$F$32:$F$35,MATCH($B4,'Parametri Modello'!$A$32:$A$35,0))="",INDEX('Parametri Modello'!$F$32:$F$35,MATCH($B4,'Parametri Modello'!$A$32:$A$35,0))=0),0,(1/INDEX('Parametri Modello'!$F$32:$F$35,MATCH($B4,'Parametri Modello'!$A$32:$A$35,0))-1)*'Parametri Modello'!$B$28))),0)))*(1+INDEX('Parametri Modello'!$B$12:$B$15,MATCH($B4,'Parametri Modello'!$A$12:$A$15,0))),0),"") -> 346 | I4: =IFERROR(INDEX('Input Statistiche 2025_26'!$F$3:$F$665,MATCH($A4,'Input Statistiche 2025_26'!$A$3:$A$665,0)),"") -> 29 | J4: =IFERROR(IF($I4="","",MAX(0,38-$I4)),"") -> 9 | K4: =IFERROR(INDEX('Input Statistiche 2025_26'!$I$3:$I$665,MATCH($A4,'Input Statistiche 2025_26'!$A$3:$A$665,0)),"") -> 13 | L4: =IFERROR(INDEX('Input Statistiche 2025_26'!$O$3:$O$665,MATCH($A4,'Input Statistiche 2025_26'!$A$3:$A$665,0)),"") -> 6 | N4: =IFERROR(INDEX('Input Giocatori 2026_27'!$E$3:$E$493,MATCH($A4,'Input Giocatori 2026_27'!$A$3:$A$493,0)),"") -> 29 | O4: =IFERROR(INDEX('Input Giocatori 2026_27'!$G$3:$G$493,MATCH($A4,'Input Giocatori 2026_27'!$A$3:$A$493,0)),"") -> 280 | P4: =IFERROR(IF($O4="","",IF((1-(COUNTIFS($B$2:$B$492,$B4,$O$2:$O$492,">"&$O4)+1-1)/COUNTIF($B$2:$B$492,$B4))>=0.85,"Top",IF((1-(COUNTIFS($B$2:$B$492,$B4,$O$2:$O$492,">"&$O4)+1-1)/COUNTIF($B$2:$B$492,$B4))>=0.6,"Buono",IF((1-(COUNTIFS($B$2:$B$492,$B4,$O$2:$O$492,">"&$O4)+1-1)/COUNTIF($B$2:$B$492,$B4))>=0.3,"Nella Media","Scommessa/Riserva")))),"") -> Top | Q4: =IF($D4="",COUNTIF($D$2:$D4,""),"") -> 3 | R4: =IF($D4='Info Lega'!$B$28,COUNTIFS($D$2:$D4,'Info Lega'!$B$28),"") | S4: =IFERROR(INDEX('Input Statistiche 2025_26'!$G$3:$G$665,MATCH($A4,'Input Statistiche 2025_26'!$A$3:$A$665,0)),"") -> 6.43 | T4: =IFERROR(INDEX('Input Statistiche 2025_26'!$H$3:$H$665,MATCH($A4,'Input Statistiche 2025_26'!$A$3:$A$665,0)),"") -> 7.95 | U4: =IF(OR('La Mia Rosa'!$O$12="",$D4<>""),"",IF($F4<='La Mia Rosa'!$O$12*'Parametri Modello'!$B$24,"OK",IF($F4<='La Mia Rosa'!$O$12*'Parametri Modello'!$B$25,"Attenzione","Rischio Alto"))) -> Rischio Alto | V4: =IFERROR(COUNTIFS($B$2:$B$492,$B4,$O$2:$O$492,">"&$O4)+1,"") -> 3 | W4: ='Info Lega'!$B$4-SUMIFS($M$2:$M$492,$D$2:$D$492,'Info Lega'!$B$28) -> 1000 | X4: =('Info Lega'!$B$5-COUNTIFS($D$2:$D$492,'Info Lega'!$B$28,$B$2:$B$492,"P"))+('Info Lega'!$B$6-COUNTIFS($D$2:$D$492,'Info Lega'!$B$28,$B$2:$B$492,"D"))+('Info Lega'!$B$7-COUNTIFS($D$2:$D$492,'Info Lega'!$B$28,$B$2:$B$492,"C"))+('Info Lega'!$B$8-COUNTIFS($D$2:$D$492,'Info Lega'!$B$28,$B$2:$B$492,"A")) -> 25 | Y4: =X4*'Parametri Modello'!$B$30 -> 25 | Z4: =MAX(0,W4-Y4) -> 975 | AA4: =MIN(F4,Z4) -> 298 | AC4: =IF(AB4="","",IF(AB4>AA4,"PASS",IF(AB4<=AA4*0.85,"BID","ATTENZIONE"))) | AD4: =IF(I4="","",ROUND(100*(1-EXP(-I4/30)),0)) -> 62 | AE4: =IFERROR(INDEX('Stato Asta'!$G$9:$G$12,MATCH($B4,'Stato Asta'!$A$9:$A$12,0)),"") -> 🔴 Non aspettare
A5: 6052 | B5: A | C5: Hojlund | E5: =IF(COUNTIF('Info Strategia'!$D$2:$D$51,$C5)>0,"SI","NO") -> NO | F5: =IFERROR(ROUND(($G5+($H5-$G5)*'Info Strategia'!$B$6)*(1+IF($E5="SI",'Parametri Modello'!$B$7*'Info Strategia'!$B$6,0)),0),"") -> 284 | G5: =IFERROR(ROUND(MAX(1,(IF($V5<=INDEX('Parametri Modello'!$C$57:$C$60,MATCH($B5,'Parametri Modello'!$A$57:$A$60,0)),IF(INDEX('Parametri Modello'!$E$57:$E$60,MATCH($B5,'Parametri Modello'!$A$57:$A$60,0))=0,0,($O5/INDEX('Parametri Modello'!$E$57:$E$60,MATCH($B5,'Parametri Modello'!$A$57:$A$60,0)))*(INDEX('Parametri Modello'!$D$57:$D$60,MATCH($B5,'Parametri Modello'!$A$57:$A$60,0))*(INDEX('Parametri Modello'!$B$50:$B$53,MATCH($B5,'Parametri Modello'!$A$50:$A$53,0))*'Parametri Modello'!$B$44))),IF(INDEX('Parametri Modello'!$F$57:$F$60,MATCH($B5,'Parametri Modello'!$A$57:$A$60,0))=0,0,($O5/INDEX('Parametri Modello'!$F$57:$F$60,MATCH($B5,'Parametri Modello'!$A$57:$A$60,0)))*((1-INDEX('Parametri Modello'!$D$57:$D$60,MATCH($B5,'Parametri Modello'!$A$57:$A$60,0)))*(INDEX('Parametri Modello'!$B$50:$B$53,MATCH($B5,'Parametri Modello'!$A$50:$A$53,0))*'Parametri Modello'!$B$44))))*(1+IF(IF($B5="D",'Info Lega'!$B$25,IF($B5="C",'Info Lega'!$B$26,"No"))="Si",'Parametri Modello'!$B$5,0))*(1+MAX(-0.25,MIN(0.25,IF(OR($T5="",$I5="",$I5=0,INDEX('Parametri Modello'!$B$19:$B$22,MATCH($B5,'Parametri Modello'!$A$19:$A$22,0))="",INDEX('Parametri Modello'!$B$19:$B$22,MATCH($B5,'Parametri Modello'!$A$19:$A$22,0))=0),0,(($T5-INDEX('Parametri Modello'!$B$19:$B$22,MATCH($B5,'Parametri Modello'!$A$19:$A$22,0)))/INDEX('Parametri Modello'!$B$19:$B$22,MATCH($B5,'Parametri Modello'!$A$19:$A$22,0)))*'Parametri Modello'!$B$9))))*(1+IF('Parametri Modello'!$B$27="Si",MAX(-'Parametri Modello'!$B$28,MIN('Parametri Modello'!$B$28*1.5,IF(OR(INDEX('Parametri Modello'!$F$32:$F$35,MATCH($B5,'Parametri Modello'!$A$32:$A$35,0))="",INDEX('Parametri Modello'!$F$32:$F$35,MATCH($B5,'Parametri Modello'!$A$32:$A$35,0))=0),0,(1/INDEX('Parametri Modello'!$F$32:$F$35,MATCH($B5,'Parametri Modello'!$A$32:$A$35,0))-1)*'Parametri Modello'!$B$28))),0)))*(1-INDEX('Parametri Modello'!$B$12:$B$15,MATCH($B5,'Parametri Modello'!$A$12:$A$15,0)))),0),"") -> 178 | H5: =IFERROR(ROUND((IF($V5<=INDEX('Parametri Modello'!$C$57:$C$60,MATCH($B5,'Parametri Modello'!$A$57:$A$60,0)),IF(INDEX('Parametri Modello'!$E$57:$E$60,MATCH($B5,'Parametri Modello'!$A$57:$A$60,0))=0,0,($O5/INDEX('Parametri Modello'!$E$57:$E$60,MATCH($B5,'Parametri Modello'!$A$57:$A$60,0)))*(INDEX('Parametri Modello'!$D$57:$D$60,MATCH($B5,'Parametri Modello'!$A$57:$A$60,0))*(INDEX('Parametri Modello'!$B$50:$B$53,MATCH($B5,'Parametri Modello'!$A$50:$A$53,0))*'Parametri Modello'!$B$44))),IF(INDEX('Parametri Modello'!$F$57:$F$60,MATCH($B5,'Parametri Modello'!$A$57:$A$60,0))=0,0,($O5/INDEX('Parametri Modello'!$F$57:$F$60,MATCH($B5,'Parametri Modello'!$A$57:$A$60,0)))*((1-INDEX('Parametri Modello'!$D$57:$D$60,MATCH($B5,'Parametri Modello'!$A$57:$A$60,0)))*(INDEX('Parametri Modello'!$B$50:$B$53,MATCH($B5,'Parametri Modello'!$A$50:$A$53,0))*'Parametri Modello'!$B$44))))*(1+IF(IF($B5="D",'Info Lega'!$B$25,IF($B5="C",'Info Lega'!$B$26,"No"))="Si",'Parametri Modello'!$B$5,0))*(1+MAX(-0.25,MIN(0.25,IF(OR($T5="",$I5="",$I5=0,INDEX('Parametri Modello'!$B$19:$B$22,MATCH($B5,'Parametri Modello'!$A$19:$A$22,0))="",INDEX('Parametri Modello'!$B$19:$B$22,MATCH($B5,'Parametri Modello'!$A$19:$A$22,0))=0),0,(($T5-INDEX('Parametri Modello'!$B$19:$B$22,MATCH($B5,'Parametri Modello'!$A$19:$A$22,0)))/INDEX('Parametri Modello'!$B$19:$B$22,MATCH($B5,'Parametri Modello'!$A$19:$A$22,0)))*'Parametri Modello'!$B$9))))*(1+IF('Parametri Modello'!$B$27="Si",MAX(-'Parametri Modello'!$B$28,MIN('Parametri Modello'!$B$28*1.5,IF(OR(INDEX('Parametri Modello'!$F$32:$F$35,MATCH($B5,'Parametri Modello'!$A$32:$A$35,0))="",INDEX('Parametri Modello'!$F$32:$F$35,MATCH($B5,'Parametri Modello'!$A$32:$A$35,0))=0),0,(1/INDEX('Parametri Modello'!$F$32:$F$35,MATCH($B5,'Parametri Modello'!$A$32:$A$35,0))-1)*'Parametri Modello'!$B$28))),0)))*(1+INDEX('Parametri Modello'!$B$12:$B$15,MATCH($B5,'Parametri Modello'!$A$12:$A$15,0))),0),"") -> 330 | I5: =IFERROR(INDEX('Input Statistiche 2025_26'!$F$3:$F$665,MATCH($A5,'Input Statistiche 2025_26'!$A$3:$A$665,0)),"") -> 33 | J5: =IFERROR(IF($I5="","",MAX(0,38-$I5)),"") -> 5 | K5: =IFERROR(INDEX('Input Statistiche 2025_26'!$I$3:$I$665,MATCH($A5,'Input Statistiche 2025_26'!$A$3:$A$665,0)),"") -> 12 | L5: =IFERROR(INDEX('Input Statistiche 2025_26'!$O$3:$O$665,MATCH($A5,'Input Statistiche 2025_26'!$A$3:$A$665,0)),"") -> 5 | N5: =IFERROR(INDEX('Input Giocatori 2026_27'!$E$3:$E$493,MATCH($A5,'Input Giocatori 2026_27'!$A$3:$A$493,0)),"") -> 28 | O5: =IFERROR(INDEX('Input Giocatori 2026_27'!$G$3:$G$493,MATCH($A5,'Input Giocatori 2026_27'!$A$3:$A$493,0)),"") -> 271 | P5: =IFERROR(IF($O5="","",IF((1-(COUNTIFS($B$2:$B$492,$B5,$O$2:$O$492,">"&$O5)+1-1)/COUNTIF($B$2:$B$492,$B5))>=0.85,"Top",IF((1-(COUNTIFS($B$2:$B$492,$B5,$O$2:$O$492,">"&$O5)+1-1)/COUNTIF($B$2:$B$492,$B5))>=0.6,"Buono",IF((1-(COUNTIFS($B$2:$B$492,$B5,$O$2:$O$492,">"&$O5)+1-1)/COUNTIF($B$2:$B$492,$B5))>=0.3,"Nella Media","Scommessa/Riserva")))),"") -> Top | Q5: =IF($D5="",COUNTIF($D$2:$D5,""),"") -> 4 | R5: =IF($D5='Info Lega'!$B$28,COUNTIFS($D$2:$D5,'Info Lega'!$B$28),"") | S5: =IFERROR(INDEX('Input Statistiche 2025_26'!$G$3:$G$665,MATCH($A5,'Input Statistiche 2025_26'!$A$3:$A$665,0)),"") -> 6.21 | T5: =IFERROR(INDEX('Input Statistiche 2025_26'!$H$3:$H$665,MATCH($A5,'Input Statistiche 2025_26'!$A$3:$A$665,0)),"") -> 7.44 | U5: =IF(OR('La Mia Rosa'!$O$12="",$D5<>""),"",IF($F5<='La Mia Rosa'!$O$12*'Parametri Modello'!$B$24,"OK",IF($F5<='La Mia Rosa'!$O$12*'Parametri Modello'!$B$25,"Attenzione","Rischio Alto"))) -> Rischio Alto | V5: =IFERROR(COUNTIFS($B$2:$B$492,$B5,$O$2:$O$492,">"&$O5)+1,"") -> 4 | W5: ='Info Lega'!$B$4-SUMIFS($M$2:$M$492,$D$2:$D$492,'Info Lega'!$B$28) -> 1000 | X5: =('Info Lega'!$B$5-COUNTIFS($D$2:$D$492,'Info Lega'!$B$28,$B$2:$B$492,"P"))+('Info Lega'!$B$6-COUNTIFS($D$2:$D$492,'Info Lega'!$B$28,$B$2:$B$492,"D"))+('Info Lega'!$B$7-COUNTIFS($D$2:$D$492,'Info Lega'!$B$28,$B$2:$B$492,"C"))+('Info Lega'!$B$8-COUNTIFS($D$2:$D$492,'Info Lega'!$B$28,$B$2:$B$492,"A")) -> 25 | Y5: =X5*'Parametri Modello'!$B$30 -> 25 | Z5: =MAX(0,W5-Y5) -> 975 | AA5: =MIN(F5,Z5) -> 284 | AC5: =IF(AB5="","",IF(AB5>AA5,"PASS",IF(AB5<=AA5*0.85,"BID","ATTENZIONE"))) | AD5: =IF(I5="","",ROUND(100*(1-EXP(-I5/30)),0)) -> 67 | AE5: =IFERROR(INDEX('Stato Asta'!$G$9:$G$12,MATCH($B5,'Stato Asta'!$A$9:$A$12,0)),"") -> 🔴 Non aspettare
A6: 254 | B6: D | C6: Dimarco | E6: =IF(COUNTIF('Info Strategia'!$D$2:$D$51,$C6)>0,"SI","NO") -> NO | F6: =IFERROR(ROUND(($G6+($H6-$G6)*'Info Strategia'!$B$6)*(1+IF($E6="SI",'Parametri Modello'!$B$7*'Info Strategia'!$B$6,0)),0),"") -> 190 | G6: =IFERROR(ROUND(MAX(1,(IF($V6<=INDEX('Parametri Modello'!$C$57:$C$60,MATCH($B6,'Parametri Modello'!$A$57:$A$60,0)),IF(INDEX('Parametri Modello'!$E$57:$E$60,MATCH($B6,'Parametri Modello'!$A$57:$A$60,0))=0,0,($O6/INDEX('Parametri Modello'!$E$57:$E$60,MATCH($B6,'Parametri Modello'!$A$57:$A$60,0)))*(INDEX('Parametri Modello'!$D$57:$D$60,MATCH($B6,'Parametri Modello'!$A$57:$A$60,0))*(INDEX('Parametri Modello'!$B$50:$B$53,MATCH($B6,'Parametri Modello'!$A$50:$A$53,0))*'Parametri Modello'!$B$44))),IF(INDEX('Parametri Modello'!$F$57:$F$60,MATCH($B6,'Parametri Modello'!$A$57:$A$60,0))=0,0,($O6/INDEX('Parametri Modello'!$F$57:$F$60,MATCH($B6,'Parametri Modello'!$A$57:$A$60,0)))*((1-INDEX('Parametri Modello'!$D$57:$D$60,MATCH($B6,'Parametri Modello'!$A$57:$A$60,0)))*(INDEX('Parametri Modello'!$B$50:$B$53,MATCH($B6,'Parametri Modello'!$A$50:$A$53,0))*'Parametri Modello'!$B$44))))*(1+IF(IF($B6="D",'Info Lega'!$B$25,IF($B6="C",'Info Lega'!$B$26,"No"))="Si",'Parametri Modello'!$B$5,0))*(1+MAX(-0.25,MIN(0.25,IF(OR($T6="",$I6="",$I6=0,INDEX('Parametri Modello'!$B$19:$B$22,MATCH($B6,'Parametri Modello'!$A$19:$A$22,0))="",INDEX('Parametri Modello'!$B$19:$B$22,MATCH($B6,'Parametri Modello'!$A$19:$A$22,0))=0),0,(($T6-INDEX('Parametri Modello'!$B$19:$B$22,MATCH($B6,'Parametri Modello'!$A$19:$A$22,0)))/INDEX('Parametri Modello'!$B$19:$B$22,MATCH($B6,'Parametri Modello'!$A$19:$A$22,0)))*'Parametri Modello'!$B$9))))*(1+IF('Parametri Modello'!$B$27="Si",MAX(-'Parametri Modello'!$B$28,MIN('Parametri Modello'!$B$28*1.5,IF(OR(INDEX('Parametri Modello'!$F$32:$F$35,MATCH($B6,'Parametri Modello'!$A$32:$A$35,0))="",INDEX('Parametri Modello'!$F$32:$F$35,MATCH($B6,'Parametri Modello'!$A$32:$A$35,0))=0),0,(1/INDEX('Parametri Modello'!$F$32:$F$35,MATCH($B6,'Parametri Modello'!$A$32:$A$35,0))-1)*'Parametri Modello'!$B$28))),0)))*(1-INDEX('Parametri Modello'!$B$12:$B$15,MATCH($B6,'Parametri Modello'!$A$12:$A$15,0)))),0),"") -> 141 | H6: =IFERROR(ROUND((IF($V6<=INDEX('Parametri Modello'!$C$57:$C$60,MATCH($B6,'Parametri Modello'!$A$57:$A$60,0)),IF(INDEX('Parametri Modello'!$E$57:$E$60,MATCH($B6,'Parametri Modello'!$A$57:$A$60,0))=0,0,($O6/INDEX('Parametri Modello'!$E$57:$E$60,MATCH($B6,'Parametri Modello'!$A$57:$A$60,0)))*(INDEX('Parametri Modello'!$D$57:$D$60,MATCH($B6,'Parametri Modello'!$A$57:$A$60,0))*(INDEX('Parametri Modello'!$B$50:$B$53,MATCH($B6,'Parametri Modello'!$A$50:$A$53,0))*'Parametri Modello'!$B$44))),IF(INDEX('Parametri Modello'!$F$57:$F$60,MATCH($B6,'Parametri Modello'!$A$57:$A$60,0))=0,0,($O6/INDEX('Parametri Modello'!$F$57:$F$60,MATCH($B6,'Parametri Modello'!$A$57:$A$60,0)))*((1-INDEX('Parametri Modello'!$D$57:$D$60,MATCH($B6,'Parametri Modello'!$A$57:$A$60,0)))*(INDEX('Parametri Modello'!$B$50:$B$53,MATCH($B6,'Parametri Modello'!$A$50:$A$53,0))*'Parametri Modello'!$B$44))))*(1+IF(IF($B6="D",'Info Lega'!$B$25,IF($B6="C",'Info Lega'!$B$26,"No"))="Si",'Parametri Modello'!$B$5,0))*(1+MAX(-0.25,MIN(0.25,IF(OR($T6="",$I6="",$I6=0,INDEX('Parametri Modello'!$B$19:$B$22,MATCH($B6,'Parametri Modello'!$A$19:$A$22,0))="",INDEX('Parametri Modello'!$B$19:$B$22,MATCH($B6,'Parametri Modello'!$A$19:$A$22,0))=0),0,(($T6-INDEX('Parametri Modello'!$B$19:$B$22,MATCH($B6,'Parametri Modello'!$A$19:$A$22,0)))/INDEX('Parametri Modello'!$B$19:$B$22,MATCH($B6,'Parametri Modello'!$A$19:$A$22,0)))*'Parametri Modello'!$B$9))))*(1+IF('Parametri Modello'!$B$27="Si",MAX(-'Parametri Modello'!$B$28,MIN('Parametri Modello'!$B$28*1.5,IF(OR(INDEX('Parametri Modello'!$F$32:$F$35,MATCH($B6,'Parametri Modello'!$A$32:$A$35,0))="",INDEX('Parametri Modello'!$F$32:$F$35,MATCH($B6,'Parametri Modello'!$A$32:$A$35,0))=0),0,(1/INDEX('Parametri Modello'!$F$32:$F$35,MATCH($B6,'Parametri Modello'!$A$32:$A$35,0))-1)*'Parametri Modello'!$B$28))),0)))*(1+INDEX('Parametri Modello'!$B$12:$B$15,MATCH($B6,'Parametri Modello'!$A$12:$A$15,0))),0),"") -> 211 | I6: =IFERROR(INDEX('Input Statistiche 2025_26'!$F$3:$F$665,MATCH($A6,'Input Statistiche 2025_26'!$A$3:$A$665,0)),"") -> 35 | J6: =IFERROR(IF($I6="","",MAX(0,38-$I6)),"") -> 3 | K6: =IFERROR(INDEX('Input Statistiche 2025_26'!$I$3:$I$665,MATCH($A6,'Input Statistiche 2025_26'!$A$3:$A$665,0)),"") -> 7 | L6: =IFERROR(INDEX('Input Statistiche 2025_26'!$O$3:$O$665,MATCH($A6,'Input Statistiche 2025_26'!$A$3:$A$665,0)),"") -> 17 | N6: =IFERROR(INDEX('Input Giocatori 2026_27'!$E$3:$E$493,MATCH($A6,'Input Giocatori 2026_27'!$A$3:$A$493,0)),"") -> 32 | O6: =IFERROR(INDEX('Input Giocatori 2026_27'!$G$3:$G$493,MATCH($A6,'Input Giocatori 2026_27'!$A$3:$A$493,0)),"") -> 265 | P6: =IFERROR(IF($O6="","",IF((1-(COUNTIFS($B$2:$B$492,$B6,$O$2:$O$492,">"&$O6)+1-1)/COUNTIF($B$2:$B$492,$B6))>=0.85,"Top",IF((1-(COUNTIFS($B$2:$B$492,$B6,$O$2:$O$492,">"&$O6)+1-1)/COUNTIF($B$2:$B$492,$B6))>=0.6,"Buono",IF((1-(COUNTIFS($B$2:$B$492,$B6,$O$2:$O$492,">"&$O6)+1-1)/COUNTIF($B$2:$B$492,$B6))>=0.3,"Nella Media","Scommessa/Riserva")))),"") -> Top | Q6: =IF($D6="",COUNTIF($D$2:$D6,""),"") -> 5 | R6: =IF($D6='Info Lega'!$B$28,COUNTIFS($D$2:$D6,'Info Lega'!$B$28),"") | S6: =IFERROR(INDEX('Input Statistiche 2025_26'!$G$3:$G$665,MATCH($A6,'Input Statistiche 2025_26'!$A$3:$A$665,0)),"") -> 6.6 | T6: =IFERROR(INDEX('Input Statistiche 2025_26'!$H$3:$H$665,MATCH($A6,'Input Statistiche 2025_26'!$A$3:$A$665,0)),"") -> 7.64 | U6: =IF(OR('La Mia Rosa'!$O$12="",$D6<>""),"",IF($F6<='La Mia Rosa'!$O$12*'Parametri Modello'!$B$24,"OK",IF($F6<='La Mia Rosa'!$O$12*'Parametri Modello'!$B$25,"Attenzione","Rischio Alto"))) -> Rischio Alto | V6: =IFERROR(COUNTIFS($B$2:$B$492,$B6,$O$2:$O$492,">"&$O6)+1,"") -> 1 | W6: ='Info Lega'!$B$4-SUMIFS($M$2:$M$492,$D$2:$D$492,'Info Lega'!$B$28) -> 1000 | X6: =('Info Lega'!$B$5-COUNTIFS($D$2:$D$492,'Info Lega'!$B$28,$B$2:$B$492,"P"))+('Info Lega'!$B$6-COUNTIFS($D$2:$D$492,'Info Lega'!$B$28,$B$2:$B$492,"D"))+('Info Lega'!$B$7-COUNTIFS($D$2:$D$492,'Info Lega'!$B$28,$B$2:$B$492,"C"))+('Info Lega'!$B$8-COUNTIFS($D$2:$D$492,'Info Lega'!$B$28,$B$2:$B$492,"A")) -> 25 | Y6: =X6*'Parametri Modello'!$B$30 -> 25 | Z6: =MAX(0,W6-Y6) -> 975 | AA6: =MIN(F6,Z6) -> 190 | AC6: =IF(AB6="","",IF(AB6>AA6,"PASS",IF(AB6<=AA6*0.85,"BID","ATTENZIONE"))) | AD6: =IF(I6="","",ROUND(100*(1-EXP(-I6/30)),0)) -> 69 | AE6: =IFERROR(INDEX('Stato Asta'!$G$9:$G$12,MATCH($B6,'Stato Asta'!$A$9:$A$12,0)),"") -> 🟡 Attesa rischiosa
A7: 6875 | B7: C | C7: Paz N. | E7: =IF(COUNTIF('Info Strategia'!$D$2:$D$51,$C7)>0,"SI","NO") -> NO | F7: =IFERROR(ROUND(($G7+($H7-$G7)*'Info Strategia'!$B$6)*(1+IF($E7="SI",'Parametri Modello'!$B$7*'Info Strategia'!$B$6,0)),0),"") -> 171 | G7: =IFERROR(ROUND(MAX(1,(IF($V7<=INDEX('Parametri Modello'!$C$57:$C$60,MATCH($B7,'Parametri Modello'!$A$57:$A$60,0)),IF(INDEX('Parametri Modello'!$E$57:$E$60,MATCH($B7,'Parametri Modello'!$A$57:$A$60,0))=0,0,($O7/INDEX('Parametri Modello'!$E$57:$E$60,MATCH($B7,'Parametri Modello'!$A$57:$A$60,0)))*(INDEX('Parametri Modello'!$D$57:$D$60,MATCH($B7,'Parametri Modello'!$A$57:$A$60,0))*(INDEX('Parametri Modello'!$B$50:$B$53,MATCH($B7,'Parametri Modello'!$A$50:$A$53,0))*'Parametri Modello'!$B$44))),IF(INDEX('Parametri Modello'!$F$57:$F$60,MATCH($B7,'Parametri Modello'!$A$57:$A$60,0))=0,0,($O7/INDEX('Parametri Modello'!$F$57:$F$60,MATCH($B7,'Parametri Modello'!$A$57:$A$60,0)))*((1-INDEX('Parametri Modello'!$D$57:$D$60,MATCH($B7,'Parametri Modello'!$A$57:$A$60,0)))*(INDEX('Parametri Modello'!$B$50:$B$53,MATCH($B7,'Parametri Modello'!$A$50:$A$53,0))*'Parametri Modello'!$B$44))))*(1+IF(IF($B7="D",'Info Lega'!$B$25,IF($B7="C",'Info Lega'!$B$26,"No"))="Si",'Parametri Modello'!$B$5,0))*(1+MAX(-0.25,MIN(0.25,IF(OR($T7="",$I7="",$I7=0,INDEX('Parametri Modello'!$B$19:$B$22,MATCH($B7,'Parametri Modello'!$A$19:$A$22,0))="",INDEX('Parametri Modello'!$B$19:$B$22,MATCH($B7,'Parametri Modello'!$A$19:$A$22,0))=0),0,(($T7-INDEX('Parametri Modello'!$B$19:$B$22,MATCH($B7,'Parametri Modello'!$A$19:$A$22,0)))/INDEX('Parametri Modello'!$B$19:$B$22,MATCH($B7,'Parametri Modello'!$A$19:$A$22,0)))*'Parametri Modello'!$B$9))))*(1+IF('Parametri Modello'!$B$27="Si",MAX(-'Parametri Modello'!$B$28,MIN('Parametri Modello'!$B$28*1.5,IF(OR(INDEX('Parametri Modello'!$F$32:$F$35,MATCH($B7,'Parametri Modello'!$A$32:$A$35,0))="",INDEX('Parametri Modello'!$F$32:$F$35,MATCH($B7,'Parametri Modello'!$A$32:$A$35,0))=0),0,(1/INDEX('Parametri Modello'!$F$32:$F$35,MATCH($B7,'Parametri Modello'!$A$32:$A$35,0))-1)*'Parametri Modello'!$B$28))),0)))*(1-INDEX('Parametri Modello'!$B$12:$B$15,MATCH($B7,'Parametri Modello'!$A$12:$A$15,0)))),0),"") -> 116 | H7: =IFERROR(ROUND((IF($V7<=INDEX('Parametri Modello'!$C$57:$C$60,MATCH($B7,'Parametri Modello'!$A$57:$A$60,0)),IF(INDEX('Parametri Modello'!$E$57:$E$60,MATCH($B7,'Parametri Modello'!$A$57:$A$60,0))=0,0,($O7/INDEX('Parametri Modello'!$E$57:$E$60,MATCH($B7,'Parametri Modello'!$A$57:$A$60,0)))*(INDEX('Parametri Modello'!$D$57:$D$60,MATCH($B7,'Parametri Modello'!$A$57:$A$60,0))*(INDEX('Parametri Modello'!$B$50:$B$53,MATCH($B7,'Parametri Modello'!$A$50:$A$53,0))*'Parametri Modello'!$B$44))),IF(INDEX('Parametri Modello'!$F$57:$F$60,MATCH($B7,'Parametri Modello'!$A$57:$A$60,0))=0,0,($O7/INDEX('Parametri Modello'!$F$57:$F$60,MATCH($B7,'Parametri Modello'!$A$57:$A$60,0)))*((1-INDEX('Parametri Modello'!$D$57:$D$60,MATCH($B7,'Parametri Modello'!$A$57:$A$60,0)))*(INDEX('Parametri Modello'!$B$50:$B$53,MATCH($B7,'Parametri Modello'!$A$50:$A$53,0))*'Parametri Modello'!$B$44))))*(1+IF(IF($B7="D",'Info Lega'!$B$25,IF($B7="C",'Info Lega'!$B$26,"No"))="Si",'Parametri Modello'!$B$5,0))*(1+MAX(-0.25,MIN(0.25,IF(OR($T7="",$I7="",$I7=0,INDEX('Parametri Modello'!$B$19:$B$22,MATCH($B7,'Parametri Modello'!$A$19:$A$22,0))="",INDEX('Parametri Modello'!$B$19:$B$22,MATCH($B7,'Parametri Modello'!$A$19:$A$22,0))=0),0,(($T7-INDEX('Parametri Modello'!$B$19:$B$22,MATCH($B7,'Parametri Modello'!$A$19:$A$22,0)))/INDEX('Parametri Modello'!$B$19:$B$22,MATCH($B7,'Parametri Modello'!$A$19:$A$22,0)))*'Parametri Modello'!$B$9))))*(1+IF('Parametri Modello'!$B$27="Si",MAX(-'Parametri Modello'!$B$28,MIN('Parametri Modello'!$B$28*1.5,IF(OR(INDEX('Parametri Modello'!$F$32:$F$35,MATCH($B7,'Parametri Modello'!$A$32:$A$35,0))="",INDEX('Parametri Modello'!$F$32:$F$35,MATCH($B7,'Parametri Modello'!$A$32:$A$35,0))=0),0,(1/INDEX('Parametri Modello'!$F$32:$F$35,MATCH($B7,'Parametri Modello'!$A$32:$A$35,0))-1)*'Parametri Modello'!$B$28))),0)))*(1+INDEX('Parametri Modello'!$B$12:$B$15,MATCH($B7,'Parametri Modello'!$A$12:$A$15,0))),0),"") -> 194 | I7: =IFERROR(INDEX('Input Statistiche 2025_26'!$F$3:$F$665,MATCH($A7,'Input Statistiche 2025_26'!$A$3:$A$665,0)),"") -> 35 | J7: =IFERROR(IF($I7="","",MAX(0,38-$I7)),"") -> 3 | K7: =IFERROR(INDEX('Input Statistiche 2025_26'!$I$3:$I$665,MATCH($A7,'Input Statistiche 2025_26'!$A$3:$A$665,0)),"") -> 12 | L7: =IFERROR(INDEX('Input Statistiche 2025_26'!$O$3:$O$665,MATCH($A7,'Input Statistiche 2025_26'!$A$3:$A$665,0)),"") -> 5 | N7: =IFERROR(INDEX('Input Giocatori 2026_27'!$E$3:$E$493,MATCH($A7,'Input Giocatori 2026_27'!$A$3:$A$493,0)),"") -> 30 | O7: =IFERROR(INDEX('Input Giocatori 2026_27'!$G$3:$G$493,MATCH($A7,'Input Giocatori 2026_27'!$A$3:$A$493,0)),"") -> 250 | P7: =IFERROR(IF($O7="","",IF((1-(COUNTIFS($B$2:$B$492,$B7,$O$2:$O$492,">"&$O7)+1-1)/COUNTIF($B$2:$B$492,$B7))>=0.85,"Top",IF((1-(COUNTIFS($B$2:$B$492,$B7,$O$2:$O$492,">"&$O7)+1-1)/COUNTIF($B$2:$B$492,$B7))>=0.6,"Buono",IF((1-(COUNTIFS($B$2:$B$492,$B7,$O$2:$O$492,">"&$O7)+1-1)/COUNTIF($B$2:$B$492,$B7))>=0.3,"Nella Media","Scommessa/Riserva")))),"") -> Top | Q7: =IF($D7="",COUNTIF($D$2:$D7,""),"") -> 6 | R7: =IF($D7='Info Lega'!$B$28,COUNTIFS($D$2:$D7,'Info Lega'!$B$28),"") | S7: =IFERROR(INDEX('Input Statistiche 2025_26'!$G$3:$G$665,MATCH($A7,'Input Statistiche 2025_26'!$A$3:$A$665,0)),"") -> 6.37 | T7: =IFERROR(INDEX('Input Statistiche 2025_26'!$H$3:$H$665,MATCH($A7,'Input Statistiche 2025_26'!$A$3:$A$665,0)),"") -> 7.3 | U7: =IF(OR('La Mia Rosa'!$O$12="",$D7<>""),"",IF($F7<='La Mia Rosa'!$O$12*'Parametri Modello'!$B$24,"OK",IF($F7<='La Mia Rosa'!$O$12*'Parametri Modello'!$B$25,"Attenzione","Rischio Alto"))) -> Rischio Alto | V7: =IFERROR(COUNTIFS($B$2:$B$492,$B7,$O$2:$O$492,">"&$O7)+1,"") -> 1 | W7: ='Info Lega'!$B$4-SUMIFS($M$2:$M$492,$D$2:$D$492,'Info Lega'!$B$28) -> 1000 | X7: =('Info Lega'!$B$5-COUNTIFS($D$2:$D$492,'Info Lega'!$B$28,$B$2:$B$492,"P"))+('Info Lega'!$B$6-COUNTIFS($D$2:$D$492,'Info Lega'!$B$28,$B$2:$B$492,"D"))+('Info Lega'!$B$7-COUNTIFS($D$2:$D$492,'Info Lega'!$B$28,$B$2:$B$492,"C"))+('Info Lega'!$B$8-COUNTIFS($D$2:$D$492,'Info Lega'!$B$28,$B$2:$B$492,"A")) -> 25 | Y7: =X7*'Parametri Modello'!$B$30 -> 25 | Z7: =MAX(0,W7-Y7) -> 975 | AA7: =MIN(F7,Z7) -> 171 | AC7: =IF(AB7="","",IF(AB7>AA7,"PASS",IF(AB7<=AA7*0.85,"BID","ATTENZIONE"))) | AD7: =IF(I7="","",ROUND(100*(1-EXP(-I7/30)),0)) -> 69 | AE7: =IFERROR(INDEX('Stato Asta'!$G$9:$G$12,MATCH($B7,'Stato Asta'!$A$9:$A$12,0)),"") -> 🟡 Attesa rischiosa
A8: 4777 | B8: C | C8: McTominay | E8: =IF(COUNTIF('Info Strategia'!$D$2:$D$51,$C8)>0,"SI","NO") -> NO | F8: =IFERROR(ROUND(($G8+($H8-$G8)*'Info Strategia'!$B$6)*(1+IF($E8="SI",'Parametri Modello'!$B$7*'Info Strategia'!$B$6,0)),0),"") -> 164 | G8: =IFERROR(ROUND(MAX(1,(IF($V8<=INDEX('Parametri Modello'!$C$57:$C$60,MATCH($B8,'Parametri Modello'!$A$57:$A$60,0)),IF(INDEX('Parametri Modello'!$E$57:$E$60,MATCH($B8,'Parametri Modello'!$A$57:$A$60,0))=0,0,($O8/INDEX('Parametri Modello'!$E$57:$E$60,MATCH($B8,'Parametri Modello'!$A$57:$A$60,0)))*(INDEX('Parametri Modello'!$D$57:$D$60,MATCH($B8,'Parametri Modello'!$A$57:$A$60,0))*(INDEX('Parametri Modello'!$B$50:$B$53,MATCH($B8,'Parametri Modello'!$A$50:$A$53,0))*'Parametri Modello'!$B$44))),IF(INDEX('Parametri Modello'!$F$57:$F$60,MATCH($B8,'Parametri Modello'!$A$57:$A$60,0))=0,0,($O8/INDEX('Parametri Modello'!$F$57:$F$60,MATCH($B8,'Parametri Modello'!$A$57:$A$60,0)))*((1-INDEX('Parametri Modello'!$D$57:$D$60,MATCH($B8,'Parametri Modello'!$A$57:$A$60,0)))*(INDEX('Parametri Modello'!$B$50:$B$53,MATCH($B8,'Parametri Modello'!$A$50:$A$53,0))*'Parametri Modello'!$B$44))))*(1+IF(IF($B8="D",'Info Lega'!$B$25,IF($B8="C",'Info Lega'!$B$26,"No"))="Si",'Parametri Modello'!$B$5,0))*(1+MAX(-0.25,MIN(0.25,IF(OR($T8="",$I8="",$I8=0,INDEX('Parametri Modello'!$B$19:$B$22,MATCH($B8,'Parametri Modello'!$A$19:$A$22,0))="",INDEX('Parametri Modello'!$B$19:$B$22,MATCH($B8,'Parametri Modello'!$A$19:$A$22,0))=0),0,(($T8-INDEX('Parametri Modello'!$B$19:$B$22,MATCH($B8,'Parametri Modello'!$A$19:$A$22,0)))/INDEX('Parametri Modello'!$B$19:$B$22,MATCH($B8,'Parametri Modello'!$A$19:$A$22,0)))*'Parametri Modello'!$B$9))))*(1+IF('Parametri Modello'!$B$27="Si",MAX(-'Parametri Modello'!$B$28,MIN('Parametri Modello'!$B$28*1.5,IF(OR(INDEX('Parametri Modello'!$F$32:$F$35,MATCH($B8,'Parametri Modello'!$A$32:$A$35,0))="",INDEX('Parametri Modello'!$F$32:$F$35,MATCH($B8,'Parametri Modello'!$A$32:$A$35,0))=0),0,(1/INDEX('Parametri Modello'!$F$32:$F$35,MATCH($B8,'Parametri Modello'!$A$32:$A$35,0))-1)*'Parametri Modello'!$B$28))),0)))*(1-INDEX('Parametri Modello'!$B$12:$B$15,MATCH($B8,'Parametri Modello'!$A$12:$A$15,0)))),0),"") -> 112 | H8: =IFERROR(ROUND((IF($V8<=INDEX('Parametri Modello'!$C$57:$C$60,MATCH($B8,'Parametri Modello'!$A$57:$A$60,0)),IF(INDEX('Parametri Modello'!$E$57:$E$60,MATCH($B8,'Parametri Modello'!$A$57:$A$60,0))=0,0,($O8/INDEX('Parametri Modello'!$E$57:$E$60,MATCH($B8,'Parametri Modello'!$A$57:$A$60,0)))*(INDEX('Parametri Modello'!$D$57:$D$60,MATCH($B8,'Parametri Modello'!$A$57:$A$60,0))*(INDEX('Parametri Modello'!$B$50:$B$53,MATCH($B8,'Parametri Modello'!$A$50:$A$53,0))*'Parametri Modello'!$B$44))),IF(INDEX('Parametri Modello'!$F$57:$F$60,MATCH($B8,'Parametri Modello'!$A$57:$A$60,0))=0,0,($O8/INDEX('Parametri Modello'!$F$57:$F$60,MATCH($B8,'Parametri Modello'!$A$57:$A$60,0)))*((1-INDEX('Parametri Modello'!$D$57:$D$60,MATCH($B8,'Parametri Modello'!$A$57:$A$60,0)))*(INDEX('Parametri Modello'!$B$50:$B$53,MATCH($B8,'Parametri Modello'!$A$50:$A$53,0))*'Parametri Modello'!$B$44))))*(1+IF(IF($B8="D",'Info Lega'!$B$25,IF($B8="C",'Info Lega'!$B$26,"No"))="Si",'Parametri Modello'!$B$5,0))*(1+MAX(-0.25,MIN(0.25,IF(OR($T8="",$I8="",$I8=0,INDEX('Parametri Modello'!$B$19:$B$22,MATCH($B8,'Parametri Modello'!$A$19:$A$22,0))="",INDEX('Parametri Modello'!$B$19:$B$22,MATCH($B8,'Parametri Modello'!$A$19:$A$22,0))=0),0,(($T8-INDEX('Parametri Modello'!$B$19:$B$22,MATCH($B8,'Parametri Modello'!$A$19:$A$22,0)))/INDEX('Parametri Modello'!$B$19:$B$22,MATCH($B8,'Parametri Modello'!$A$19:$A$22,0)))*'Parametri Modello'!$B$9))))*(1+IF('Parametri Modello'!$B$27="Si",MAX(-'Parametri Modello'!$B$28,MIN('Parametri Modello'!$B$28*1.5,IF(OR(INDEX('Parametri Modello'!$F$32:$F$35,MATCH($B8,'Parametri Modello'!$A$32:$A$35,0))="",INDEX('Parametri Modello'!$F$32:$F$35,MATCH($B8,'Parametri Modello'!$A$32:$A$35,0))=0),0,(1/INDEX('Parametri Modello'!$F$32:$F$35,MATCH($B8,'Parametri Modello'!$A$32:$A$35,0))-1)*'Parametri Modello'!$B$28))),0)))*(1+INDEX('Parametri Modello'!$B$12:$B$15,MATCH($B8,'Parametri Modello'!$A$12:$A$15,0))),0),"") -> 186 | I8: =IFERROR(INDEX('Input Statistiche 2025_26'!$F$3:$F$665,MATCH($A8,'Input Statistiche 2025_26'!$A$3:$A$665,0)),"") -> 33 | J8: =IFERROR(IF($I8="","",MAX(0,38-$I8)),"") -> 5 | K8: =IFERROR(INDEX('Input Statistiche 2025_26'!$I$3:$I$665,MATCH($A8,'Input Statistiche 2025_26'!$A$3:$A$665,0)),"") -> 10 | L8: =IFERROR(INDEX('Input Statistiche 2025_26'!$O$3:$O$665,MATCH($A8,'Input Statistiche 2025_26'!$A$3:$A$665,0)),"") -> 2 | N8: =IFERROR(INDEX('Input Giocatori 2026_27'!$E$3:$E$493,MATCH($A8,'Input Giocatori 2026_27'!$A$3:$A$493,0)),"") -> 28 | O8: =IFERROR(INDEX('Input Giocatori 2026_27'!$G$3:$G$493,MATCH($A8,'Input Giocatori 2026_27'!$A$3:$A$493,0)),"") -> 240 | P8: =IFERROR(IF($O8="","",IF((1-(COUNTIFS($B$2:$B$492,$B8,$O$2:$O$492,">"&$O8)+1-1)/COUNTIF($B$2:$B$492,$B8))>=0.85,"Top",IF((1-(COUNTIFS($B$2:$B$492,$B8,$O$2:$O$492,">"&$O8)+1-1)/COUNTIF($B$2:$B$492,$B8))>=0.6,"Buono",IF((1-(COUNTIFS($B$2:$B$492,$B8,$O$2:$O$492,">"&$O8)+1-1)/COUNTIF($B$2:$B$492,$B8))>=0.3,"Nella Media","Scommessa/Riserva")))),"") -> Top | Q8: =IF($D8="",COUNTIF($D$2:$D8,""),"") -> 7 | R8: =IF($D8='Info Lega'!$B$28,COUNTIFS($D$2:$D8,'Info Lega'!$B$28),"") | S8: =IFERROR(INDEX('Input Statistiche 2025_26'!$G$3:$G$665,MATCH($A8,'Input Statistiche 2025_26'!$A$3:$A$665,0)),"") -> 6.39 | T8: =IFERROR(INDEX('Input Statistiche 2025_26'!$H$3:$H$665,MATCH($A8,'Input Statistiche 2025_26'!$A$3:$A$665,0)),"") -> 7.26 | U8: =IF(OR('La Mia Rosa'!$O$12="",$D8<>""),"",IF($F8<='La Mia Rosa'!$O$12*'Parametri Modello'!$B$24,"OK",IF($F8<='La Mia Rosa'!$O$12*'Parametri Modello'!$B$25,"Attenzione","Rischio Alto"))) -> Rischio Alto | V8: =IFERROR(COUNTIFS($B$2:$B$492,$B8,$O$2:$O$492,">"&$O8)+1,"") -> 2 | W8: ='Info Lega'!$B$4-SUMIFS($M$2:$M$492,$D$2:$D$492,'Info Lega'!$B$28) -> 1000 | X8: =('Info Lega'!$B$5-COUNTIFS($D$2:$D$492,'Info Lega'!$B$28,$B$2:$B$492,"P"))+('Info Lega'!$B$6-COUNTIFS($D$2:$D$492,'Info Lega'!$B$28,$B$2:$B$492,"D"))+('Info Lega'!$B$7-COUNTIFS($D$2:$D$492,'Info Lega'!$B$28,$B$2:$B$492,"C"))+('Info Lega'!$B$8-COUNTIFS($D$2:$D$492,'Info Lega'!$B$28,$B$2:$B$492,"A")) -> 25 | Y8: =X8*'Parametri Modello'!$B$30 -> 25 | Z8: =MAX(0,W8-Y8) -> 975 | AA8: =MIN(F8,Z8) -> 164 | AC8: =IF(AB8="","",IF(AB8>AA8,"PASS",IF(AB8<=AA8*0.85,"BID","ATTENZIONE"))) | AD8: =IF(I8="","",ROUND(100*(1-EXP(-I8/30)),0)) -> 67 | AE8: =IFERROR(INDEX('Stato Asta'!$G$9:$G$12,MATCH($B8,'Stato Asta'!$A$9:$A$12,0)),"") -> 🟡 Attesa rischiosa
A9: 6397 | B9: A | C9: Ramos G. | E9: =IF(COUNTIF('Info Strategia'!$D$2:$D$51,$C9)>0,"SI","NO") -> NO | F9: =IFERROR(ROUND(($G9+($H9-$G9)*'Info Strategia'!$B$6)*(1+IF($E9="SI",'Parametri Modello'!$B$7*'Info Strategia'!$B$6,0)),0),"") -> 246 | G9: =IFERROR(ROUND(MAX(1,(IF($V9<=INDEX('Parametri Modello'!$C$57:$C$60,MATCH($B9,'Parametri Modello'!$A$57:$A$60,0)),IF(INDEX('Parametri Modello'!$E$57:$E$60,MATCH($B9,'Parametri Modello'!$A$57:$A$60,0))=0,0,($O9/INDEX('Parametri Modello'!$E$57:$E$60,MATCH($B9,'Parametri Modello'!$A$57:$A$60,0)))*(INDEX('Parametri Modello'!$D$57:$D$60,MATCH($B9,'Parametri Modello'!$A$57:$A$60,0))*(INDEX('Parametri Modello'!$B$50:$B$53,MATCH($B9,'Parametri Modello'!$A$50:$A$53,0))*'Parametri Modello'!$B$44))),IF(INDEX('Parametri Modello'!$F$57:$F$60,MATCH($B9,'Parametri Modello'!$A$57:$A$60,0))=0,0,($O9/INDEX('Parametri Modello'!$F$57:$F$60,MATCH($B9,'Parametri Modello'!$A$57:$A$60,0)))*((1-INDEX('Parametri Modello'!$D$57:$D$60,MATCH($B9,'Parametri Modello'!$A$57:$A$60,0)))*(INDEX('Parametri Modello'!$B$50:$B$53,MATCH($B9,'Parametri Modello'!$A$50:$A$53,0))*'Parametri Modello'!$B$44))))*(1+IF(IF($B9="D",'Info Lega'!$B$25,IF($B9="C",'Info Lega'!$B$26,"No"))="Si",'Parametri Modello'!$B$5,0))*(1+MAX(-0.25,MIN(0.25,IF(OR($T9="",$I9="",$I9=0,INDEX('Parametri Modello'!$B$19:$B$22,MATCH($B9,'Parametri Modello'!$A$19:$A$22,0))="",INDEX('Parametri Modello'!$B$19:$B$22,MATCH($B9,'Parametri Modello'!$A$19:$A$22,0))=0),0,(($T9-INDEX('Parametri Modello'!$B$19:$B$22,MATCH($B9,'Parametri Modello'!$A$19:$A$22,0)))/INDEX('Parametri Modello'!$B$19:$B$22,MATCH($B9,'Parametri Modello'!$A$19:$A$22,0)))*'Parametri Modello'!$B$9))))*(1+IF('Parametri Modello'!$B$27="Si",MAX(-'Parametri Modello'!$B$28,MIN('Parametri Modello'!$B$28*1.5,IF(OR(INDEX('Parametri Modello'!$F$32:$F$35,MATCH($B9,'Parametri Modello'!$A$32:$A$35,0))="",INDEX('Parametri Modello'!$F$32:$F$35,MATCH($B9,'Parametri Modello'!$A$32:$A$35,0))=0),0,(1/INDEX('Parametri Modello'!$F$32:$F$35,MATCH($B9,'Parametri Modello'!$A$32:$A$35,0))-1)*'Parametri Modello'!$B$28))),0)))*(1-INDEX('Parametri Modello'!$B$12:$B$15,MATCH($B9,'Parametri Modello'!$A$12:$A$15,0)))),0),"") -> 154 | H9: =IFERROR(ROUND((IF($V9<=INDEX('Parametri Modello'!$C$57:$C$60,MATCH($B9,'Parametri Modello'!$A$57:$A$60,0)),IF(INDEX('Parametri Modello'!$E$57:$E$60,MATCH($B9,'Parametri Modello'!$A$57:$A$60,0))=0,0,($O9/INDEX('Parametri Modello'!$E$57:$E$60,MATCH($B9,'Parametri Modello'!$A$57:$A$60,0)))*(INDEX('Parametri Modello'!$D$57:$D$60,MATCH($B9,'Parametri Modello'!$A$57:$A$60,0))*(INDEX('Parametri Modello'!$B$50:$B$53,MATCH($B9,'Parametri Modello'!$A$50:$A$53,0))*'Parametri Modello'!$B$44))),IF(INDEX('Parametri Modello'!$F$57:$F$60,MATCH($B9,'Parametri Modello'!$A$57:$A$60,0))=0,0,($O9/INDEX('Parametri Modello'!$F$57:$F$60,MATCH($B9,'Parametri Modello'!$A$57:$A$60,0)))*((1-INDEX('Parametri Modello'!$D$57:$D$60,MATCH($B9,'Parametri Modello'!$A$57:$A$60,0)))*(INDEX('Parametri Modello'!$B$50:$B$53,MATCH($B9,'Parametri Modello'!$A$50:$A$53,0))*'Parametri Modello'!$B$44))))*(1+IF(IF($B9="D",'Info Lega'!$B$25,IF($B9="C",'Info Lega'!$B$26,"No"))="Si",'Parametri Modello'!$B$5,0))*(1+MAX(-0.25,MIN(0.25,IF(OR($T9="",$I9="",$I9=0,INDEX('Parametri Modello'!$B$19:$B$22,MATCH($B9,'Parametri Modello'!$A$19:$A$22,0))="",INDEX('Parametri Modello'!$B$19:$B$22,MATCH($B9,'Parametri Modello'!$A$19:$A$22,0))=0),0,(($T9-INDEX('Parametri Modello'!$B$19:$B$22,MATCH($B9,'Parametri Modello'!$A$19:$A$22,0)))/INDEX('Parametri Modello'!$B$19:$B$22,MATCH($B9,'Parametri Modello'!$A$19:$A$22,0)))*'Parametri Modello'!$B$9))))*(1+IF('Parametri Modello'!$B$27="Si",MAX(-'Parametri Modello'!$B$28,MIN('Parametri Modello'!$B$28*1.5,IF(OR(INDEX('Parametri Modello'!$F$32:$F$35,MATCH($B9,'Parametri Modello'!$A$32:$A$35,0))="",INDEX('Parametri Modello'!$F$32:$F$35,MATCH($B9,'Parametri Modello'!$A$32:$A$35,0))=0),0,(1/INDEX('Parametri Modello'!$F$32:$F$35,MATCH($B9,'Parametri Modello'!$A$32:$A$35,0))-1)*'Parametri Modello'!$B$28))),0)))*(1+INDEX('Parametri Modello'!$B$12:$B$15,MATCH($B9,'Parametri Modello'!$A$12:$A$15,0))),0),"") -> 286 | I9: =IFERROR(INDEX('Input Statistiche 2025_26'!$F$3:$F$665,MATCH($A9,'Input Statistiche 2025_26'!$A$3:$A$665,0)),"") | J9: =IFERROR(IF($I9="","",MAX(0,38-$I9)),"") | K9: =IFERROR(INDEX('Input Statistiche 2025_26'!$I$3:$I$665,MATCH($A9,'Input Statistiche 2025_26'!$A$3:$A$665,0)),"") | L9: =IFERROR(INDEX('Input Statistiche 2025_26'!$O$3:$O$665,MATCH($A9,'Input Statistiche 2025_26'!$A$3:$A$665,0)),"") | N9: =IFERROR(INDEX('Input Giocatori 2026_27'!$E$3:$E$493,MATCH($A9,'Input Giocatori 2026_27'!$A$3:$A$493,0)),"") -> 27 | O9: =IFERROR(INDEX('Input Giocatori 2026_27'!$G$3:$G$493,MATCH($A9,'Input Giocatori 2026_27'!$A$3:$A$493,0)),"") -> 240 | P9: =IFERROR(IF($O9="","",IF((1-(COUNTIFS($B$2:$B$492,$B9,$O$2:$O$492,">"&$O9)+1-1)/COUNTIF($B$2:$B$492,$B9))>=0.85,"Top",IF((1-(COUNTIFS($B$2:$B$492,$B9,$O$2:$O$492,">"&$O9)+1-1)/COUNTIF($B$2:$B$492,$B9))>=0.6,"Buono",IF((1-(COUNTIFS($B$2:$B$492,$B9,$O$2:$O$492,">"&$O9)+1-1)/COUNTIF($B$2:$B$492,$B9))>=0.3,"Nella Media","Scommessa/Riserva")))),"") -> Top | Q9: =IF($D9="",COUNTIF($D$2:$D9,""),"") -> 8 | R9: =IF($D9='Info Lega'!$B$28,COUNTIFS($D$2:$D9,'Info Lega'!$B$28),"") | S9: =IFERROR(INDEX('Input Statistiche 2025_26'!$G$3:$G$665,MATCH($A9,'Input Statistiche 2025_26'!$A$3:$A$665,0)),"") | T9: =IFERROR(INDEX('Input Statistiche 2025_26'!$H$3:$H$665,MATCH($A9,'Input Statistiche 2025_26'!$A$3:$A$665,0)),"") | U9: =IF(OR('La Mia Rosa'!$O$12="",$D9<>""),"",IF($F9<='La Mia Rosa'!$O$12*'Parametri Modello'!$B$24,"OK",IF($F9<='La Mia Rosa'!$O$12*'Parametri Modello'!$B$25,"Attenzione","Rischio Alto"))) -> Rischio Alto | V9: =IFERROR(COUNTIFS($B$2:$B$492,$B9,$O$2:$O$492,">"&$O9)+1,"") -> 5 | W9: ='Info Lega'!$B$4-SUMIFS($M$2:$M$492,$D$2:$D$492,'Info Lega'!$B$28) -> 1000 | X9: =('Info Lega'!$B$5-COUNTIFS($D$2:$D$492,'Info Lega'!$B$28,$B$2:$B$492,"P"))+('Info Lega'!$B$6-COUNTIFS($D$2:$D$492,'Info Lega'!$B$28,$B$2:$B$492,"D"))+('Info Lega'!$B$7-COUNTIFS($D$2:$D$492,'Info Lega'!$B$28,$B$2:$B$492,"C"))+('Info Lega'!$B$8-COUNTIFS($D$2:$D$492,'Info Lega'!$B$28,$B$2:$B$492,"A")) -> 25 | Y9: =X9*'Parametri Modello'!$B$30 -> 25 | Z9: =MAX(0,W9-Y9) -> 975 | AA9: =MIN(F9,Z9) -> 246 | AC9: =IF(AB9="","",IF(AB9>AA9,"PASS",IF(AB9<=AA9*0.85,"BID","ATTENZIONE"))) | AD9: =IF(I9="","",ROUND(100*(1-EXP(-I9/30)),0)) | AE9: =IFERROR(INDEX('Stato Asta'!$G$9:$G$12,MATCH($B9,'Stato Asta'!$A$9:$A$12,0)),"") -> 🔴 Non aspettare
A10: 2194 | B10: C | C10: Calhanoglu | E10: =IF(COUNTIF('Info Strategia'!$D$2:$D$51,$C10)>0,"SI","NO") -> NO | F10: =IFERROR(ROUND(($G10+($H10-$G10)*'Info Strategia'!$B$6)*(1+IF($E10="SI",'Parametri Modello'!$B$7*'Info Strategia'!$B$6,0)),0),"") -> 158 | G10: =IFERROR(ROUND(MAX(1,(IF($V10<=INDEX('Parametri Modello'!$C$57:$C$60,MATCH($B10,'Parametri Modello'!$A$57:$A$60,0)),IF(INDEX('Parametri Modello'!$E$57:$E$60,MATCH($B10,'Parametri Modello'!$A$57:$A$60,0))=0,0,($O10/INDEX('Parametri Modello'!$E$57:$E$60,MATCH($B10,'Parametri Modello'!$A$57:$A$60,0)))*(INDEX('Parametri Modello'!$D$57:$D$60,MATCH($B10,'Parametri Modello'!$A$57:$A$60,0))*(INDEX('Parametri Modello'!$B$50:$B$53,MATCH($B10,'Parametri Modello'!$A$50:$A$53,0))*'Parametri Modello'!$B$44))),IF(INDEX('Parametri Modello'!$F$57:$F$60,MATCH($B10,'Parametri Modello'!$A$57:$A$60,0))=0,0,($O10/INDEX('Parametri Modello'!$F$57:$F$60,MATCH($B10,'Parametri Modello'!$A$57:$A$60,0)))*((1-INDEX('Parametri Modello'!$D$57:$D$60,MATCH($B10,'Parametri Modello'!$A$57:$A$60,0)))*(INDEX('Parametri Modello'!$B$50:$B$53,MATCH($B10,'Parametri Modello'!$A$50:$A$53,0))*'Parametri Modello'!$B$44))))*(1+IF(IF($B10="D",'Info Lega'!$B$25,IF($B10="C",'Info Lega'!$B$26,"No"))="Si",'Parametri Modello'!$B$5,0))*(1+MAX(-0.25,MIN(0.25,IF(OR($T10="",$I10="",$I10=0,INDEX('Parametri Modello'!$B$19:$B$22,MATCH($B10,'Parametri Modello'!$A$19:$A$22,0))="",INDEX('Parametri Modello'!$B$19:$B$22,MATCH($B10,'Parametri Modello'!$A$19:$A$22,0))=0),0,(($T10-INDEX('Parametri Modello'!$B$19:$B$22,MATCH($B10,'Parametri Modello'!$A$19:$A$22,0)))/INDEX('Parametri Modello'!$B$19:$B$22,MATCH($B10,'Parametri Modello'!$A$19:$A$22,0)))*'Parametri Modello'!$B$9))))*(1+IF('Parametri Modello'!$B$27="Si",MAX(-'Parametri Modello'!$B$28,MIN('Parametri Modello'!$B$28*1.5,IF(OR(INDEX('Parametri Modello'!$F$32:$F$35,MATCH($B10,'Parametri Modello'!$A$32:$A$35,0))="",INDEX('Parametri Modello'!$F$32:$F$35,MATCH($B10,'Parametri Modello'!$A$32:$A$35,0))=0),0,(1/INDEX('Parametri Modello'!$F$32:$F$35,MATCH($B10,'Parametri Modello'!$A$32:$A$35,0))-1)*'Parametri Modello'!$B$28))),0)))*(1-INDEX('Parametri Modello'!$B$12:$B$15,MATCH($B10,'Parametri Modello'!$A$12:$A$15,0)))),0),"") -> 108 | H10: =IFERROR(ROUND((IF($V10<=INDEX('Parametri Modello'!$C$57:$C$60,MATCH($B10,'Parametri Modello'!$A$57:$A$60,0)),IF(INDEX('Parametri Modello'!$E$57:$E$60,MATCH($B10,'Parametri Modello'!$A$57:$A$60,0))=0,0,($O10/INDEX('Parametri Modello'!$E$57:$E$60,MATCH($B10,'Parametri Modello'!$A$57:$A$60,0)))*(INDEX('Parametri Modello'!$D$57:$D$60,MATCH($B10,'Parametri Modello'!$A$57:$A$60,0))*(INDEX('Parametri Modello'!$B$50:$B$53,MATCH($B10,'Parametri Modello'!$A$50:$A$53,0))*'Parametri Modello'!$B$44))),IF(INDEX('Parametri Modello'!$F$57:$F$60,MATCH($B10,'Parametri Modello'!$A$57:$A$60,0))=0,0,($O10/INDEX('Parametri Modello'!$F$57:$F$60,MATCH($B10,'Parametri Modello'!$A$57:$A$60,0)))*((1-INDEX('Parametri Modello'!$D$57:$D$60,MATCH($B10,'Parametri Modello'!$A$57:$A$60,0)))*(INDEX('Parametri Modello'!$B$50:$B$53,MATCH($B10,'Parametri Modello'!$A$50:$A$53,0))*'Parametri Modello'!$B$44))))*(1+IF(IF($B10="D",'Info Lega'!$B$25,IF($B10="C",'Info Lega'!$B$26,"No"))="Si",'Parametri Modello'!$B$5,0))*(1+MAX(-0.25,MIN(0.25,IF(OR($T10="",$I10="",$I10=0,INDEX('Parametri Modello'!$B$19:$B$22,MATCH($B10,'Parametri Modello'!$A$19:$A$22,0))="",INDEX('Parametri Modello'!$B$19:$B$22,MATCH($B10,'Parametri Modello'!$A$19:$A$22,0))=0),0,(($T10-INDEX('Parametri Modello'!$B$19:$B$22,MATCH($B10,'Parametri Modello'!$A$19:$A$22,0)))/INDEX('Parametri Modello'!$B$19:$B$22,MATCH($B10,'Parametri Modello'!$A$19:$A$22,0)))*'Parametri Modello'!$B$9))))*(1+IF('Parametri Modello'!$B$27="Si",MAX(-'Parametri Modello'!$B$28,MIN('Parametri Modello'!$B$28*1.5,IF(OR(INDEX('Parametri Modello'!$F$32:$F$35,MATCH($B10,'Parametri Modello'!$A$32:$A$35,0))="",INDEX('Parametri Modello'!$F$32:$F$35,MATCH($B10,'Parametri Modello'!$A$32:$A$35,0))=0),0,(1/INDEX('Parametri Modello'!$F$32:$F$35,MATCH($B10,'Parametri Modello'!$A$32:$A$35,0))-1)*'Parametri Modello'!$B$28))),0)))*(1+INDEX('Parametri Modello'!$B$12:$B$15,MATCH($B10,'Parametri Modello'!$A$12:$A$15,0))),0),"") -> 180 | I10: =IFERROR(INDEX('Input Statistiche 2025_26'!$F$3:$F$665,MATCH($A10,'Input Statistiche 2025_26'!$A$3:$A$665,0)),"") -> 22 | J10: =IFERROR(IF($I10="","",MAX(0,38-$I10)),"") -> 16 | K10: =IFERROR(INDEX('Input Statistiche 2025_26'!$I$3:$I$665,MATCH($A10,'Input Statistiche 2025_26'!$A$3:$A$665,0)),"") -> 9 | L10: =IFERROR(INDEX('Input Statistiche 2025_26'!$O$3:$O$665,MATCH($A10,'Input Statistiche 2025_26'!$A$3:$A$665,0)),"") -> 4 | N10: =IFERROR(INDEX('Input Giocatori 2026_27'!$E$3:$E$493,MATCH($A10,'Input Giocatori 2026_27'!$A$3:$A$493,0)),"") -> 27 | O10: =IFERROR(INDEX('Input Giocatori 2026_27'!$G$3:$G$493,MATCH($A10,'Input Giocatori 2026_27'!$A$3:$A$493,0)),"") -> 230 | P10: =IFERROR(IF($O10="","",IF((1-(COUNTIFS($B$2:$B$492,$B10,$O$2:$O$492,">"&$O10)+1-1)/COUNTIF($B$2:$B$492,$B10))>=0.85,"Top",IF((1-(COUNTIFS($B$2:$B$492,$B10,$O$2:$O$492,">"&$O10)+1-1)/COUNTIF($B$2:$B$492,$B10))>=0.6,"Buono",IF((1-(COUNTIFS($B$2:$B$492,$B10,$O$2:$O$492,">"&$O10)+1-1)/COUNTIF($B$2:$B$492,$B10))>=0.3,"Nella Media","Scommessa/Riserva")))),"") -> Top | Q10: =IF($D10="",COUNTIF($D$2:$D10,""),"") -> 9 | R10: =IF($D10='Info Lega'!$B$28,COUNTIFS($D$2:$D10,'Info Lega'!$B$28),"") | S10: =IFERROR(INDEX('Input Statistiche 2025_26'!$G$3:$G$665,MATCH($A10,'Input Statistiche 2025_26'!$A$3:$A$665,0)),"") -> 6.52 | T10: =IFERROR(INDEX('Input Statistiche 2025_26'!$H$3:$H$665,MATCH($A10,'Input Statistiche 2025_26'!$A$3:$A$665,0)),"") -> 7.64 | U10: =IF(OR('La Mia Rosa'!$O$12="",$D10<>""),"",IF($F10<='La Mia Rosa'!$O$12*'Parametri Modello'!$B$24,"OK",IF($F10<='La Mia Rosa'!$O$12*'Parametri Modello'!$B$25,"Attenzione","Rischio Alto"))) -> Rischio Alto | V10: =IFERROR(COUNTIFS($B$2:$B$492,$B10,$O$2:$O$492,">"&$O10)+1,"") -> 3 | W10: ='Info Lega'!$B$4-SUMIFS($M$2:$M$492,$D$2:$D$492,'Info Lega'!$B$28) -> 1000 | X10: =('Info Lega'!$B$5-COUNTIFS($D$2:$D$492,'Info Lega'!$B$28,$B$2:$B$492,"P"))+('Info Lega'!$B$6-COUNTIFS($D$2:$D$492,'Info Lega'!$B$28,$B$2:$B$492,"D"))+('Info Lega'!$B$7-COUNTIFS($D$2:$D$492,'Info Lega'!$B$28,$B$2:$B$492,"C"))+('Info Lega'!$B$8-COUNTIFS($D$2:$D$492,'Info Lega'!$B$28,$B$2:$B$492,"A")) -> 25 | Y10: =X10*'Parametri Modello'!$B$30 -> 25 | Z10: =MAX(0,W10-Y10) -> 975 | AA10: =MIN(F10,Z10) -> 158 | AC10: =IF(AB10="","",IF(AB10>AA10,"PASS",IF(AB10<=AA10*0.85,"BID","ATTENZIONE"))) | AD10: =IF(I10="","",ROUND(100*(1-EXP(-I10/30)),0)) -> 52 | AE10: =IFERROR(INDEX('Stato Asta'!$G$9:$G$12,MATCH($B10,'Stato Asta'!$A$9:$A$12,0)),"") -> 🟡 Attesa rischiosa
A11: 5951 | B11: A | C11: Kolo Muani | E11: =IF(COUNTIF('Info Strategia'!$D$2:$D$51,$C11)>0,"SI","NO") -> NO | F11: =IFERROR(ROUND(($G11+($H11-$G11)*'Info Strategia'!$B$6)*(1+IF($E11="SI",'Parametri Modello'!$B$7*'Info Strategia'!$B$6,0)),0),"") -> 231 | G11: =IFERROR(ROUND(MAX(1,(IF($V11<=INDEX('Parametri Modello'!$C$57:$C$60,MATCH($B11,'Parametri Modello'!$A$57:$A$60,0)),IF(INDEX('Parametri Modello'!$E$57:$E$60,MATCH($B11,'Parametri Modello'!$A$57:$A$60,0))=0,0,($O11/INDEX('Parametri Modello'!$E$57:$E$60,MATCH($B11,'Parametri Modello'!$A$57:$A$60,0)))*(INDEX('Parametri Modello'!$D$57:$D$60,MATCH($B11,'Parametri Modello'!$A$57:$A$60,0))*(INDEX('Parametri Modello'!$B$50:$B$53,MATCH($B11,'Parametri Modello'!$A$50:$A$53,0))*'Parametri Modello'!$B$44))),IF(INDEX('Parametri Modello'!$F$57:$F$60,MATCH($B11,'Parametri Modello'!$A$57:$A$60,0))=0,0,($O11/INDEX('Parametri Modello'!$F$57:$F$60,MATCH($B11,'Parametri Modello'!$A$57:$A$60,0)))*((1-INDEX('Parametri Modello'!$D$57:$D$60,MATCH($B11,'Parametri Modello'!$A$57:$A$60,0)))*(INDEX('Parametri Modello'!$B$50:$B$53,MATCH($B11,'Parametri Modello'!$A$50:$A$53,0))*'Parametri Modello'!$B$44))))*(1+IF(IF($B11="D",'Info Lega'!$B$25,IF($B11="C",'Info Lega'!$B$26,"No"))="Si",'Parametri Modello'!$B$5,0))*(1+MAX(-0.25,MIN(0.25,IF(OR($T11="",$I11="",$I11=0,INDEX('Parametri Modello'!$B$19:$B$22,MATCH($B11,'Parametri Modello'!$A$19:$A$22,0))="",INDEX('Parametri Modello'!$B$19:$B$22,MATCH($B11,'Parametri Modello'!$A$19:$A$22,0))=0),0,(($T11-INDEX('Parametri Modello'!$B$19:$B$22,MATCH($B11,'Parametri Modello'!$A$19:$A$22,0)))/INDEX('Parametri Modello'!$B$19:$B$22,MATCH($B11,'Parametri Modello'!$A$19:$A$22,0)))*'Parametri Modello'!$B$9))))*(1+IF('Parametri Modello'!$B$27="Si",MAX(-'Parametri Modello'!$B$28,MIN('Parametri Modello'!$B$28*1.5,IF(OR(INDEX('Parametri Modello'!$F$32:$F$35,MATCH($B11,'Parametri Modello'!$A$32:$A$35,0))="",INDEX('Parametri Modello'!$F$32:$F$35,MATCH($B11,'Parametri Modello'!$A$32:$A$35,0))=0),0,(1/INDEX('Parametri Modello'!$F$32:$F$35,MATCH($B11,'Parametri Modello'!$A$32:$A$35,0))-1)*'Parametri Modello'!$B$28))),0)))*(1-INDEX('Parametri Modello'!$B$12:$B$15,MATCH($B11,'Parametri Modello'!$A$12:$A$15,0)))),0),"") -> 144 | H11: =IFERROR(ROUND((IF($V11<=INDEX('Parametri Modello'!$C$57:$C$60,MATCH($B11,'Parametri Modello'!$A$57:$A$60,0)),IF(INDEX('Parametri Modello'!$E$57:$E$60,MATCH($B11,'Parametri Modello'!$A$57:$A$60,0))=0,0,($O11/INDEX('Parametri Modello'!$E$57:$E$60,MATCH($B11,'Parametri Modello'!$A$57:$A$60,0)))*(INDEX('Parametri Modello'!$D$57:$D$60,MATCH($B11,'Parametri Modello'!$A$57:$A$60,0))*(INDEX('Parametri Modello'!$B$50:$B$53,MATCH($B11,'Parametri Modello'!$A$50:$A$53,0))*'Parametri Modello'!$B$44))),IF(INDEX('Parametri Modello'!$F$57:$F$60,MATCH($B11,'Parametri Modello'!$A$57:$A$60,0))=0,0,($O11/INDEX('Parametri Modello'!$F$57:$F$60,MATCH($B11,'Parametri Modello'!$A$57:$A$60,0)))*((1-INDEX('Parametri Modello'!$D$57:$D$60,MATCH($B11,'Parametri Modello'!$A$57:$A$60,0)))*(INDEX('Parametri Modello'!$B$50:$B$53,MATCH($B11,'Parametri Modello'!$A$50:$A$53,0))*'Parametri Modello'!$B$44))))*(1+IF(IF($B11="D",'Info Lega'!$B$25,IF($B11="C",'Info Lega'!$B$26,"No"))="Si",'Parametri Modello'!$B$5,0))*(1+MAX(-0.25,MIN(0.25,IF(OR($T11="",$I11="",$I11=0,INDEX('Parametri Modello'!$B$19:$B$22,MATCH($B11,'Parametri Modello'!$A$19:$A$22,0))="",INDEX('Parametri Modello'!$B$19:$B$22,MATCH($B11,'Parametri Modello'!$A$19:$A$22,0))=0),0,(($T11-INDEX('Parametri Modello'!$B$19:$B$22,MATCH($B11,'Parametri Modello'!$A$19:$A$22,0)))/INDEX('Parametri Modello'!$B$19:$B$22,MATCH($B11,'Parametri Modello'!$A$19:$A$22,0)))*'Parametri Modello'!$B$9))))*(1+IF('Parametri Modello'!$B$27="Si",MAX(-'Parametri Modello'!$B$28,MIN('Parametri Modello'!$B$28*1.5,IF(OR(INDEX('Parametri Modello'!$F$32:$F$35,MATCH($B11,'Parametri Modello'!$A$32:$A$35,0))="",INDEX('Parametri Modello'!$F$32:$F$35,MATCH($B11,'Parametri Modello'!$A$32:$A$35,0))=0),0,(1/INDEX('Parametri Modello'!$F$32:$F$35,MATCH($B11,'Parametri Modello'!$A$32:$A$35,0))-1)*'Parametri Modello'!$B$28))),0)))*(1+INDEX('Parametri Modello'!$B$12:$B$15,MATCH($B11,'Parametri Modello'!$A$12:$A$15,0))),0),"") -> 268 | I11: =IFERROR(INDEX('Input Statistiche 2025_26'!$F$3:$F$665,MATCH($A11,'Input Statistiche 2025_26'!$A$3:$A$665,0)),"") | J11: =IFERROR(IF($I11="","",MAX(0,38-$I11)),"") | K11: =IFERROR(INDEX('Input Statistiche 2025_26'!$I$3:$I$665,MATCH($A11,'Input Statistiche 2025_26'!$A$3:$A$665,0)),"") | L11: =IFERROR(INDEX('Input Statistiche 2025_26'!$O$3:$O$665,MATCH($A11,'Input Statistiche 2025_26'!$A$3:$A$665,0)),"") | N11: =IFERROR(INDEX('Input Giocatori 2026_27'!$E$3:$E$493,MATCH($A11,'Input Giocatori 2026_27'!$A$3:$A$493,0)),"") -> 26 | O11: =IFERROR(INDEX('Input Giocatori 2026_27'!$G$3:$G$493,MATCH($A11,'Input Giocatori 2026_27'!$A$3:$A$493,0)),"") -> 225 | P11: =IFERROR(IF($O11="","",IF((1-(COUNTIFS($B$2:$B$492,$B11,$O$2:$O$492,">"&$O11)+1-1)/COUNTIF($B$2:$B$492,$B11))>=0.85,"Top",IF((1-(COUNTIFS($B$2:$B$492,$B11,$O$2:$O$492,">"&$O11)+1-1)/COUNTIF($B$2:$B$492,$B11))>=0.6,"Buono",IF((1-(COUNTIFS($B$2:$B$492,$B11,$O$2:$O$492,">"&$O11)+1-1)/COUNTIF($B$2:$B$492,$B11))>=0.3,"Nella Media","Scommessa/Riserva")))),"") -> Top | Q11: =IF($D11="",COUNTIF($D$2:$D11,""),"") -> 10 | R11: =IF($D11='Info Lega'!$B$28,COUNTIFS($D$2:$D11,'Info Lega'!$B$28),"") | S11: =IFERROR(INDEX('Input Statistiche 2025_26'!$G$3:$G$665,MATCH($A11,'Input Statistiche 2025_26'!$A$3:$A$665,0)),"") | T11: =IFERROR(INDEX('Input Statistiche 2025_26'!$H$3:$H$665,MATCH($A11,'Input Statistiche 2025_26'!$A$3:$A$665,0)),"") | U11: =IF(OR('La Mia Rosa'!$O$12="",$D11<>""),"",IF($F11<='La Mia Rosa'!$O$12*'Parametri Modello'!$B$24,"OK",IF($F11<='La Mia Rosa'!$O$12*'Parametri Modello'!$B$25,"Attenzione","Rischio Alto"))) -> Rischio Alto | V11: =IFERROR(COUNTIFS($B$2:$B$492,$B11,$O$2:$O$492,">"&$O11)+1,"") -> 6 | W11: ='Info Lega'!$B$4-SUMIFS($M$2:$M$492,$D$2:$D$492,'Info Lega'!$B$28) -> 1000 | X11: =('Info Lega'!$B$5-COUNTIFS($D$2:$D$492,'Info Lega'!$B$28,$B$2:$B$492,"P"))+('Info Lega'!$B$6-COUNTIFS($D$2:$D$492,'Info Lega'!$B$28,$B$2:$B$492,"D"))+('Info Lega'!$B$7-COUNTIFS($D$2:$D$492,'Info Lega'!$B$28,$B$2:$B$492,"C"))+('Info Lega'!$B$8-COUNTIFS($D$2:$D$492,'Info Lega'!$B$28,$B$2:$B$492,"A")) -> 25 | Y11: =X11*'Parametri Modello'!$B$30 -> 25 | Z11: =MAX(0,W11-Y11) -> 975 | AA11: =MIN(F11,Z11) -> 231 | AC11: =IF(AB11="","",IF(AB11>AA11,"PASS",IF(AB11<=AA11*0.85,"BID","ATTENZIONE"))) | AD11: =IF(I11="","",ROUND(100*(1-EXP(-I11/30)),0)) | AE11: =IFERROR(INDEX('Stato Asta'!$G$9:$G$12,MATCH($B11,'Stato Asta'!$A$9:$A$12,0)),"") -> 🔴 Non aspettare
A12: 2097 | B12: A | C12: Kean | E12: =IF(COUNTIF('Info Strategia'!$D$2:$D$51,$C12)>0,"SI","NO") -> NO | F12: =IFERROR(ROUND(($G12+($H12-$G12)*'Info Strategia'!$B$6)*(1+IF($E12="SI",'Parametri Modello'!$B$7*'Info Strategia'!$B$6,0)),0),"") -> 218 | G12: =IFERROR(ROUND(MAX(1,(IF($V12<=INDEX('Parametri Modello'!$C$57:$C$60,MATCH($B12,'Parametri Modello'!$A$57:$A$60,0)),IF(INDEX('Parametri Modello'!$E$57:$E$60,MATCH($B12,'Parametri Modello'!$A$57:$A$60,0))=0,0,($O12/INDEX('Parametri Modello'!$E$57:$E$60,MATCH($B12,'Parametri Modello'!$A$57:$A$60,0)))*(INDEX('Parametri Modello'!$D$57:$D$60,MATCH($B12,'Parametri Modello'!$A$57:$A$60,0))*(INDEX('Parametri Modello'!$B$50:$B$53,MATCH($B12,'Parametri Modello'!$A$50:$A$53,0))*'Parametri Modello'!$B$44))),IF(INDEX('Parametri Modello'!$F$57:$F$60,MATCH($B12,'Parametri Modello'!$A$57:$A$60,0))=0,0,($O12/INDEX('Parametri Modello'!$F$57:$F$60,MATCH($B12,'Parametri Modello'!$A$57:$A$60,0)))*((1-INDEX('Parametri Modello'!$D$57:$D$60,MATCH($B12,'Parametri Modello'!$A$57:$A$60,0)))*(INDEX('Parametri Modello'!$B$50:$B$53,MATCH($B12,'Parametri Modello'!$A$50:$A$53,0))*'Parametri Modello'!$B$44))))*(1+IF(IF($B12="D",'Info Lega'!$B$25,IF($B12="C",'Info Lega'!$B$26,"No"))="Si",'Parametri Modello'!$B$5,0))*(1+MAX(-0.25,MIN(0.25,IF(OR($T12="",$I12="",$I12=0,INDEX('Parametri Modello'!$B$19:$B$22,MATCH($B12,'Parametri Modello'!$A$19:$A$22,0))="",INDEX('Parametri Modello'!$B$19:$B$22,MATCH($B12,'Parametri Modello'!$A$19:$A$22,0))=0),0,(($T12-INDEX('Parametri Modello'!$B$19:$B$22,MATCH($B12,'Parametri Modello'!$A$19:$A$22,0)))/INDEX('Parametri Modello'!$B$19:$B$22,MATCH($B12,'Parametri Modello'!$A$19:$A$22,0)))*'Parametri Modello'!$B$9))))*(1+IF('Parametri Modello'!$B$27="Si",MAX(-'Parametri Modello'!$B$28,MIN('Parametri Modello'!$B$28*1.5,IF(OR(INDEX('Parametri Modello'!$F$32:$F$35,MATCH($B12,'Parametri Modello'!$A$32:$A$35,0))="",INDEX('Parametri Modello'!$F$32:$F$35,MATCH($B12,'Parametri Modello'!$A$32:$A$35,0))=0),0,(1/INDEX('Parametri Modello'!$F$32:$F$35,MATCH($B12,'Parametri Modello'!$A$32:$A$35,0))-1)*'Parametri Modello'!$B$28))),0)))*(1-INDEX('Parametri Modello'!$B$12:$B$15,MATCH($B12,'Parametri Modello'!$A$12:$A$15,0)))),0),"") -> 136 | H12: =IFERROR(ROUND((IF($V12<=INDEX('Parametri Modello'!$C$57:$C$60,MATCH($B12,'Parametri Modello'!$A$57:$A$60,0)),IF(INDEX('Parametri Modello'!$E$57:$E$60,MATCH($B12,'Parametri Modello'!$A$57:$A$60,0))=0,0,($O12/INDEX('Parametri Modello'!$E$57:$E$60,MATCH($B12,'Parametri Modello'!$A$57:$A$60,0)))*(INDEX('Parametri Modello'!$D$57:$D$60,MATCH($B12,'Parametri Modello'!$A$57:$A$60,0))*(INDEX('Parametri Modello'!$B$50:$B$53,MATCH($B12,'Parametri Modello'!$A$50:$A$53,0))*'Parametri Modello'!$B$44))),IF(INDEX('Parametri Modello'!$F$57:$F$60,MATCH($B12,'Parametri Modello'!$A$57:$A$60,0))=0,0,($O12/INDEX('Parametri Modello'!$F$57:$F$60,MATCH($B12,'Parametri Modello'!$A$57:$A$60,0)))*((1-INDEX('Parametri Modello'!$D$57:$D$60,MATCH($B12,'Parametri Modello'!$A$57:$A$60,0)))*(INDEX('Parametri Modello'!$B$50:$B$53,MATCH($B12,'Parametri Modello'!$A$50:$A$53,0))*'Parametri Modello'!$B$44))))*(1+IF(IF($B12="D",'Info Lega'!$B$25,IF($B12="C",'Info Lega'!$B$26,"No"))="Si",'Parametri Modello'!$B$5,0))*(1+MAX(-0.25,MIN(0.25,IF(OR($T12="",$I12="",$I12=0,INDEX('Parametri Modello'!$B$19:$B$22,MATCH($B12,'Parametri Modello'!$A$19:$A$22,0))="",INDEX('Parametri Modello'!$B$19:$B$22,MATCH($B12,'Parametri Modello'!$A$19:$A$22,0))=0),0,(($T12-INDEX('Parametri Modello'!$B$19:$B$22,MATCH($B12,'Parametri Modello'!$A$19:$A$22,0)))/INDEX('Parametri Modello'!$B$19:$B$22,MATCH($B12,'Parametri Modello'!$A$19:$A$22,0)))*'Parametri Modello'!$B$9))))*(1+IF('Parametri Modello'!$B$27="Si",MAX(-'Parametri Modello'!$B$28,MIN('Parametri Modello'!$B$28*1.5,IF(OR(INDEX('Parametri Modello'!$F$32:$F$35,MATCH($B12,'Parametri Modello'!$A$32:$A$35,0))="",INDEX('Parametri Modello'!$F$32:$F$35,MATCH($B12,'Parametri Modello'!$A$32:$A$35,0))=0),0,(1/INDEX('Parametri Modello'!$F$32:$F$35,MATCH($B12,'Parametri Modello'!$A$32:$A$35,0))-1)*'Parametri Modello'!$B$28))),0)))*(1+INDEX('Parametri Modello'!$B$12:$B$15,MATCH($B12,'Parametri Modello'!$A$12:$A$15,0))),0),"") -> 253 | I12: =IFERROR(INDEX('Input Statistiche 2025_26'!$F$3:$F$665,MATCH($A12,'Input Statistiche 2025_26'!$A$3:$A$665,0)),"") -> 26 | J12: =IFERROR(IF($I12="","",MAX(0,38-$I12)),"") -> 12 | K12: =IFERROR(INDEX('Input Statistiche 2025_26'!$I$3:$I$665,MATCH($A12,'Input Statistiche 2025_26'!$A$3:$A$665,0)),"") -> 8 | L12: =IFERROR(INDEX('Input Statistiche 2025_26'!$O$3:$O$665,MATCH($A12,'Input Statistiche 2025_26'!$A$3:$A$665,0)),"") -> 1 | N12: =IFERROR(INDEX('Input Giocatori 2026_27'!$E$3:$E$493,MATCH($A12,'Input Giocatori 2026_27'!$A$3:$A$493,0)),"") -> 25 | O12: =IFERROR(INDEX('Input Giocatori 2026_27'!$G$3:$G$493,MATCH($A12,'Input Giocatori 2026_27'!$A$3:$A$493,0)),"") -> 212 | P12: =IFERROR(IF($O12="","",IF((1-(COUNTIFS($B$2:$B$492,$B12,$O$2:$O$492,">"&$O12)+1-1)/COUNTIF($B$2:$B$492,$B12))>=0.85,"Top",IF((1-(COUNTIFS($B$2:$B$492,$B12,$O$2:$O$492,">"&$O12)+1-1)/COUNTIF($B$2:$B$492,$B12))>=0.6,"Buono",IF((1-(COUNTIFS($B$2:$B$492,$B12,$O$2:$O$492,">"&$O12)+1-1)/COUNTIF($B$2:$B$492,$B12))>=0.3,"Nella Media","Scommessa/Riserva")))),"") -> Top | Q12: =IF($D12="",COUNTIF($D$2:$D12,""),"") -> 11 | R12: =IF($D12='Info Lega'!$B$28,COUNTIFS($D$2:$D12,'Info Lega'!$B$28),"") | S12: =IFERROR(INDEX('Input Statistiche 2025_26'!$G$3:$G$665,MATCH($A12,'Input Statistiche 2025_26'!$A$3:$A$665,0)),"") -> 5.88 | T12: =IFERROR(INDEX('Input Statistiche 2025_26'!$H$3:$H$665,MATCH($A12,'Input Statistiche 2025_26'!$A$3:$A$665,0)),"") -> 6.77 | U12: =IF(OR('La Mia Rosa'!$O$12="",$D12<>""),"",IF($F12<='La Mia Rosa'!$O$12*'Parametri Modello'!$B$24,"OK",IF($F12<='La Mia Rosa'!$O$12*'Parametri Modello'!$B$25,"Attenzione","Rischio Alto"))) -> Rischio Alto | V12: =IFERROR(COUNTIFS($B$2:$B$492,$B12,$O$2:$O$492,">"&$O12)+1,"") -> 7 | W12: ='Info Lega'!$B$4-SUMIFS($M$2:$M$492,$D$2:$D$492,'Info Lega'!$B$28) -> 1000 | X12: =('Info Lega'!$B$5-COUNTIFS($D$2:$D$492,'Info Lega'!$B$28,$B$2:$B$492,"P"))+('Info Lega'!$B$6-COUNTIFS($D$2:$D$492,'Info Lega'!$B$28,$B$2:$B$492,"D"))+('Info Lega'!$B$7-COUNTIFS($D$2:$D$492,'Info Lega'!$B$28,$B$2:$B$492,"C"))+('Info Lega'!$B$8-COUNTIFS($D$2:$D$492,'Info Lega'!$B$28,$B$2:$B$492,"A")) -> 25 | Y12: =X12*'Parametri Modello'!$B$30 -> 25 | Z12: =MAX(0,W12-Y12) -> 975 | AA12: =MIN(F12,Z12) -> 218 | AC12: =IF(AB12="","",IF(AB12>AA12,"PASS",IF(AB12<=AA12*0.85,"BID","ATTENZIONE"))) | AD12: =IF(I12="","",ROUND(100*(1-EXP(-I12/30)),0)) -> 58 | AE12: =IFERROR(INDEX('Stato Asta'!$G$9:$G$12,MATCH($B12,'Stato Asta'!$A$9:$A$12,0)),"") -> 🔴 Non aspettare
A13: 2167 | B13: C | C13: Orsolini | E13: =IF(COUNTIF('Info Strategia'!$D$2:$D$51,$C13)>0,"SI","NO") -> NO | F13: =IFERROR(ROUND(($G13+($H13-$G13)*'Info Strategia'!$B$6)*(1+IF($E13="SI",'Parametri Modello'!$B$7*'Info Strategia'!$B$6,0)),0),"") -> 135 | G13: =IFERROR(ROUND(MAX(1,(IF($V13<=INDEX('Parametri Modello'!$C$57:$C$60,MATCH($B13,'Parametri Modello'!$A$57:$A$60,0)),IF(INDEX('Parametri Modello'!$E$57:$E$60,MATCH($B13,'Parametri Modello'!$A$57:$A$60,0))=0,0,($O13/INDEX('Parametri Modello'!$E$57:$E$60,MATCH($B13,'Parametri Modello'!$A$57:$A$60,0)))*(INDEX('Parametri Modello'!$D$57:$D$60,MATCH($B13,'Parametri Modello'!$A$57:$A$60,0))*(INDEX('Parametri Modello'!$B$50:$B$53,MATCH($B13,'Parametri Modello'!$A$50:$A$53,0))*'Parametri Modello'!$B$44))),IF(INDEX('Parametri Modello'!$F$57:$F$60,MATCH($B13,'Parametri Modello'!$A$57:$A$60,0))=0,0,($O13/INDEX('Parametri Modello'!$F$57:$F$60,MATCH($B13,'Parametri Modello'!$A$57:$A$60,0)))*((1-INDEX('Parametri Modello'!$D$57:$D$60,MATCH($B13,'Parametri Modello'!$A$57:$A$60,0)))*(INDEX('Parametri Modello'!$B$50:$B$53,MATCH($B13,'Parametri Modello'!$A$50:$A$53,0))*'Parametri Modello'!$B$44))))*(1+IF(IF($B13="D",'Info Lega'!$B$25,IF($B13="C",'Info Lega'!$B$26,"No"))="Si",'Parametri Modello'!$B$5,0))*(1+MAX(-0.25,MIN(0.25,IF(OR($T13="",$I13="",$I13=0,INDEX('Parametri Modello'!$B$19:$B$22,MATCH($B13,'Parametri Modello'!$A$19:$A$22,0))="",INDEX('Parametri Modello'!$B$19:$B$22,MATCH($B13,'Parametri Modello'!$A$19:$A$22,0))=0),0,(($T13-INDEX('Parametri Modello'!$B$19:$B$22,MATCH($B13,'Parametri Modello'!$A$19:$A$22,0)))/INDEX('Parametri Modello'!$B$19:$B$22,MATCH($B13,'Parametri Modello'!$A$19:$A$22,0)))*'Parametri Modello'!$B$9))))*(1+IF('Parametri Modello'!$B$27="Si",MAX(-'Parametri Modello'!$B$28,MIN('Parametri Modello'!$B$28*1.5,IF(OR(INDEX('Parametri Modello'!$F$32:$F$35,MATCH($B13,'Parametri Modello'!$A$32:$A$35,0))="",INDEX('Parametri Modello'!$F$32:$F$35,MATCH($B13,'Parametri Modello'!$A$32:$A$35,0))=0),0,(1/INDEX('Parametri Modello'!$F$32:$F$35,MATCH($B13,'Parametri Modello'!$A$32:$A$35,0))-1)*'Parametri Modello'!$B$28))),0)))*(1-INDEX('Parametri Modello'!$B$12:$B$15,MATCH($B13,'Parametri Modello'!$A$12:$A$15,0)))),0),"") -> 92 | H13: =IFERROR(ROUND((IF($V13<=INDEX('Parametri Modello'!$C$57:$C$60,MATCH($B13,'Parametri Modello'!$A$57:$A$60,0)),IF(INDEX('Parametri Modello'!$E$57:$E$60,MATCH($B13,'Parametri Modello'!$A$57:$A$60,0))=0,0,($O13/INDEX('Parametri Modello'!$E$57:$E$60,MATCH($B13,'Parametri Modello'!$A$57:$A$60,0)))*(INDEX('Parametri Modello'!$D$57:$D$60,MATCH($B13,'Parametri Modello'!$A$57:$A$60,0))*(INDEX('Parametri Modello'!$B$50:$B$53,MATCH($B13,'Parametri Modello'!$A$50:$A$53,0))*'Parametri Modello'!$B$44))),IF(INDEX('Parametri Modello'!$F$57:$F$60,MATCH($B13,'Parametri Modello'!$A$57:$A$60,0))=0,0,($O13/INDEX('Parametri Modello'!$F$57:$F$60,MATCH($B13,'Parametri Modello'!$A$57:$A$60,0)))*((1-INDEX('Parametri Modello'!$D$57:$D$60,MATCH($B13,'Parametri Modello'!$A$57:$A$60,0)))*(INDEX('Parametri Modello'!$B$50:$B$53,MATCH($B13,'Parametri Modello'!$A$50:$A$53,0))*'Parametri Modello'!$B$44))))*(1+IF(IF($B13="D",'Info Lega'!$B$25,IF($B13="C",'Info Lega'!$B$26,"No"))="Si",'Parametri Modello'!$B$5,0))*(1+MAX(-0.25,MIN(0.25,IF(OR($T13="",$I13="",$I13=0,INDEX('Parametri Modello'!$B$19:$B$22,MATCH($B13,'Parametri Modello'!$A$19:$A$22,0))="",INDEX('Parametri Modello'!$B$19:$B$22,MATCH($B13,'Parametri Modello'!$A$19:$A$22,0))=0),0,(($T13-INDEX('Parametri Modello'!$B$19:$B$22,MATCH($B13,'Parametri Modello'!$A$19:$A$22,0)))/INDEX('Parametri Modello'!$B$19:$B$22,MATCH($B13,'Parametri Modello'!$A$19:$A$22,0)))*'Parametri Modello'!$B$9))))*(1+IF('Parametri Modello'!$B$27="Si",MAX(-'Parametri Modello'!$B$28,MIN('Parametri Modello'!$B$28*1.5,IF(OR(INDEX('Parametri Modello'!$F$32:$F$35,MATCH($B13,'Parametri Modello'!$A$32:$A$35,0))="",INDEX('Parametri Modello'!$F$32:$F$35,MATCH($B13,'Parametri Modello'!$A$32:$A$35,0))=0),0,(1/INDEX('Parametri Modello'!$F$32:$F$35,MATCH($B13,'Parametri Modello'!$A$32:$A$35,0))-1)*'Parametri Modello'!$B$28))),0)))*(1+INDEX('Parametri Modello'!$B$12:$B$15,MATCH($B13,'Parametri Modello'!$A$12:$A$15,0))),0),"") -> 153 | I13: =IFERROR(INDEX('Input Statistiche 2025_26'!$F$3:$F$665,MATCH($A13,'Input Statistiche 2025_26'!$A$3:$A$665,0)),"") -> 34 | J13: =IFERROR(IF($I13="","",MAX(0,38-$I13)),"") -> 4 | K13: =IFERROR(INDEX('Input Statistiche 2025_26'!$I$3:$I$665,MATCH($A13,'Input Statistiche 2025_26'!$A$3:$A$665,0)),"") -> 10 | L13: =IFERROR(INDEX('Input Statistiche 2025_26'!$O$3:$O$665,MATCH($A13,'Input Statistiche 2025_26'!$A$3:$A$665,0)),"") -> 1 | N13: =IFERROR(INDEX('Input Giocatori 2026_27'!$E$3:$E$493,MATCH($A13,'Input Giocatori 2026_27'!$A$3:$A$493,0)),"") -> 26 | O13: =IFERROR(INDEX('Input Giocatori 2026_27'!$G$3:$G$493,MATCH($A13,'Input Giocatori 2026_27'!$A$3:$A$493,0)),"") -> 200 | P13: =IFERROR(IF($O13="","",IF((1-(COUNTIFS($B$2:$B$492,$B13,$O$2:$O$492,">"&$O13)+1-1)/COUNTIF($B$2:$B$492,$B13))>=0.85,"Top",IF((1-(COUNTIFS($B$2:$B$492,$B13,$O$2:$O$492,">"&$O13)+1-1)/COUNTIF($B$2:$B$492,$B13))>=0.6,"Buono",IF((1-(COUNTIFS($B$2:$B$492,$B13,$O$2:$O$492,">"&$O13)+1-1)/COUNTIF($B$2:$B$492,$B13))>=0.3,"Nella Media","Scommessa/Riserva")))),"") -> Top | Q13: =IF($D13="",COUNTIF($D$2:$D13,""),"") -> 12 | R13: =IF($D13='Info Lega'!$B$28,COUNTIFS($D$2:$D13,'Info Lega'!$B$28),"") | S13: =IFERROR(INDEX('Input Statistiche 2025_26'!$G$3:$G$665,MATCH($A13,'Input Statistiche 2025_26'!$A$3:$A$665,0)),"") -> 6.06 | T13: =IFERROR(INDEX('Input Statistiche 2025_26'!$H$3:$H$665,MATCH($A13,'Input Statistiche 2025_26'!$A$3:$A$665,0)),"") -> 6.76 | U13: =IF(OR('La Mia Rosa'!$O$12="",$D13<>""),"",IF($F13<='La Mia Rosa'!$O$12*'Parametri Modello'!$B$24,"OK",IF($F13<='La Mia Rosa'!$O$12*'Parametri Modello'!$B$25,"Attenzione","Rischio Alto"))) -> Rischio Alto | V13: =IFERROR(COUNTIFS($B$2:$B$492,$B13,$O$2:$O$492,">"&$O13)+1,"") -> 4 | W13: ='Info Lega'!$B$4-SUMIFS($M$2:$M$492,$D$2:$D$492,'Info Lega'!$B$28) -> 1000 | X13: =('Info Lega'!$B$5-COUNTIFS($D$2:$D$492,'Info Lega'!$B$28,$B$2:$B$492,"P"))+('Info Lega'!$B$6-COUNTIFS($D$2:$D$492,'Info Lega'!$B$28,$B$2:$B$492,"D"))+('Info Lega'!$B$7-COUNTIFS($D$2:$D$492,'Info Lega'!$B$28,$B$2:$B$492,"C"))+('Info Lega'!$B$8-COUNTIFS($D$2:$D$492,'Info Lega'!$B$28,$B$2:$B$492,"A")) -> 25 | Y13: =X13*'Parametri Modello'!$B$30 -> 25 | Z13: =MAX(0,W13-Y13) -> 975 | AA13: =MIN(F13,Z13) -> 135 | AC13: =IF(AB13="","",IF(AB13>AA13,"PASS",IF(AB13<=AA13*0.85,"BID","ATTENZIONE"))) | AD13: =IF(I13="","",ROUND(100*(1-EXP(-I13/30)),0)) -> 68 | AE13: =IFERROR(INDEX('Stato Asta'!$G$9:$G$12,MATCH($B13,'Stato Asta'!$A$9:$A$12,0)),"") -> 🟡 Attesa rischiosa
... A492: 7482 | B492: A | C492: Lauberbach | E492: =IF(COUNTIF('Info Strategia'!$D$2:$D$51,$C492)>0,"SI","NO") -> NO | F492: =IFERROR(ROUND(($G492+($H492-$G492)*'Info Strategia'!$B$6)*(1+IF($E492="SI",'Parametri Modello'!$B$7*'Info Strategia'!$B$6,0)),0),"") -> 0 | G492: =IFERROR(ROUND(MAX(1,(IF($V492<=INDEX('Parametri Modello'!$C$57:$C$60,MATCH($B492,'Parametri Modello'!$A$57:$A$60,0)),IF(INDEX('Parametri Modello'!$E$57:$E$60,MATCH($B492,'Parametri Modello'!$A$57:$A$60,0))=0,0,($O492/INDEX('Parametri Modello'!$E$57:$E$60,MATCH($B492,'Parametri Modello'!$A$57:$A$60,0)))*(INDEX('Parametri Modello'!$D$57:$D$60,MATCH($B492,'Parametri Modello'!$A$57:$A$60,0))*(INDEX('Parametri Modello'!$B$50:$B$53,MATCH($B492,'Parametri Modello'!$A$50:$A$53,0))*'Parametri Modello'!$B$44))),IF(INDEX('Parametri Modello'!$F$57:$F$60,MATCH($B492,'Parametri Modello'!$A$57:$A$60,0))=0,0,($O492/INDEX('Parametri Modello'!$F$57:$F$60,MATCH($B492,'Parametri Modello'!$A$57:$A$60,0)))*((1-INDEX('Parametri Modello'!$D$57:$D$60,MATCH($B492,'Parametri Modello'!$A$57:$A$60,0)))*(INDEX('Parametri Modello'!$B$50:$B$53,MATCH($B492,'Parametri Modello'!$A$50:$A$53,0))*'Parametri Modello'!$B$44))))*(1+IF(IF($B492="D",'Info Lega'!$B$25,IF($B492="C",'Info Lega'!$B$26,"No"))="Si",'Parametri Modello'!$B$5,0))*(1+MAX(-0.25,MIN(0.25,IF(OR($T492="",$I492="",$I492=0,INDEX('Parametri Modello'!$B$19:$B$22,MATCH($B492,'Parametri Modello'!$A$19:$A$22,0))="",INDEX('Parametri Modello'!$B$19:$B$22,MATCH($B492,'Parametri Modello'!$A$19:$A$22,0))=0),0,(($T492-INDEX('Parametri Modello'!$B$19:$B$22,MATCH($B492,'Parametri Modello'!$A$19:$A$22,0)))/INDEX('Parametri Modello'!$B$19:$B$22,MATCH($B492,'Parametri Modello'!$A$19:$A$22,0)))*'Parametri Modello'!$B$9))))*(1+IF('Parametri Modello'!$B$27="Si",MAX(-'Parametri Modello'!$B$28,MIN('Parametri Modello'!$B$28*1.5,IF(OR(INDEX('Parametri Modello'!$F$32:$F$35,MATCH($B492,'Parametri Modello'!$A$32:$A$35,0))="",INDEX('Parametri Modello'!$F$32:$F$35,MATCH($B492,'Parametri Modello'!$A$32:$A$35,0))=0),0,(1/INDEX('Parametri Modello'!$F$32:$F$35,MATCH($B492,'Parametri Modello'!$A$32:$A$35,0))-1)*'Parametri Modello'!$B$28))),0)))*(1-INDEX('Parametri Modello'!$B$12:$B$15,MATCH($B492,'Parametri Modello'!$A$12:$A$15,0)))),0),"") -> 1 | H492: =IFERROR(ROUND((IF($V492<=INDEX('Parametri Modello'!$C$57:$C$60,MATCH($B492,'Parametri Modello'!$A$57:$A$60,0)),IF(INDEX('Parametri Modello'!$E$57:$E$60,MATCH($B492,'Parametri Modello'!$A$57:$A$60,0))=0,0,($O492/INDEX('Parametri Modello'!$E$57:$E$60,MATCH($B492,'Parametri Modello'!$A$57:$A$60,0)))*(INDEX('Parametri Modello'!$D$57:$D$60,MATCH($B492,'Parametri Modello'!$A$57:$A$60,0))*(INDEX('Parametri Modello'!$B$50:$B$53,MATCH($B492,'Parametri Modello'!$A$50:$A$53,0))*'Parametri Modello'!$B$44))),IF(INDEX('Parametri Modello'!$F$57:$F$60,MATCH($B492,'Parametri Modello'!$A$57:$A$60,0))=0,0,($O492/INDEX('Parametri Modello'!$F$57:$F$60,MATCH($B492,'Parametri Modello'!$A$57:$A$60,0)))*((1-INDEX('Parametri Modello'!$D$57:$D$60,MATCH($B492,'Parametri Modello'!$A$57:$A$60,0)))*(INDEX('Parametri Modello'!$B$50:$B$53,MATCH($B492,'Parametri Modello'!$A$50:$A$53,0))*'Parametri Modello'!$B$44))))*(1+IF(IF($B492="D",'Info Lega'!$B$25,IF($B492="C",'Info Lega'!$B$26,"No"))="Si",'Parametri Modello'!$B$5,0))*(1+MAX(-0.25,MIN(0.25,IF(OR($T492="",$I492="",$I492=0,INDEX('Parametri Modello'!$B$19:$B$22,MATCH($B492,'Parametri Modello'!$A$19:$A$22,0))="",INDEX('Parametri Modello'!$B$19:$B$22,MATCH($B492,'Parametri Modello'!$A$19:$A$22,0))=0),0,(($T492-INDEX('Parametri Modello'!$B$19:$B$22,MATCH($B492,'Parametri Modello'!$A$19:$A$22,0)))/INDEX('Parametri Modello'!$B$19:$B$22,MATCH($B492,'Parametri Modello'!$A$19:$A$22,0)))*'Parametri Modello'!$B$9))))*(1+IF('Parametri Modello'!$B$27="Si",MAX(-'Parametri Modello'!$B$28,MIN('Parametri Modello'!$B$28*1.5,IF(OR(INDEX('Parametri Modello'!$F$32:$F$35,MATCH($B492,'Parametri Modello'!$A$32:$A$35,0))="",INDEX('Parametri Modello'!$F$32:$F$35,MATCH($B492,'Parametri Modello'!$A$32:$A$35,0))=0),0,(1/INDEX('Parametri Modello'!$F$32:$F$35,MATCH($B492,'Parametri Modello'!$A$32:$A$35,0))-1)*'Parametri Modello'!$B$28))),0)))*(1+INDEX('Parametri Modello'!$B$12:$B$15,MATCH($B492,'Parametri Modello'!$A$12:$A$15,0))),0),"") -> 0 | I492: =IFERROR(INDEX('Input Statistiche 2025_26'!$F$3:$F$665,MATCH($A492,'Input Statistiche 2025_26'!$A$3:$A$665,0)),"") | J492: =IFERROR(IF($I492="","",MAX(0,38-$I492)),"") | K492: =IFERROR(INDEX('Input Statistiche 2025_26'!$I$3:$I$665,MATCH($A492,'Input Statistiche 2025_26'!$A$3:$A$665,0)),"") | L492: =IFERROR(INDEX('Input Statistiche 2025_26'!$O$3:$O$665,MATCH($A492,'Input Statistiche 2025_26'!$A$3:$A$665,0)),"") | N492: =IFERROR(INDEX('Input Giocatori 2026_27'!$E$3:$E$493,MATCH($A492,'Input Giocatori 2026_27'!$A$3:$A$493,0)),"") -> 1 | O492: =IFERROR(INDEX('Input Giocatori 2026_27'!$G$3:$G$493,MATCH($A492,'Input Giocatori 2026_27'!$A$3:$A$493,0)),"") -> 1 | P492: =IFERROR(IF($O492="","",IF((1-(COUNTIFS($B$2:$B$492,$B492,$O$2:$O$492,">"&$O492)+1-1)/COUNTIF($B$2:$B$492,$B492))>=0.85,"Top",IF((1-(COUNTIFS($B$2:$B$492,$B492,$O$2:$O$492,">"&$O492)+1-1)/COUNTIF($B$2:$B$492,$B492))>=0.6,"Buono",IF((1-(COUNTIFS($B$2:$B$492,$B492,$O$2:$O$492,">"&$O492)+1-1)/COUNTIF($B$2:$B$492,$B492))>=0.3,"Nella Media","Scommessa/Riserva")))),"") -> Scommessa/Riserva | Q492: =IF($D492="",COUNTIF($D$2:$D492,""),"") -> 491 | R492: =IF($D492='Info Lega'!$B$28,COUNTIFS($D$2:$D492,'Info Lega'!$B$28),"") | S492: =IFERROR(INDEX('Input Statistiche 2025_26'!$G$3:$G$665,MATCH($A492,'Input Statistiche 2025_26'!$A$3:$A$665,0)),"") | T492: =IFERROR(INDEX('Input Statistiche 2025_26'!$H$3:$H$665,MATCH($A492,'Input Statistiche 2025_26'!$A$3:$A$665,0)),"") | U492: =IF(OR('La Mia Rosa'!$O$12="",$D492<>""),"",IF($F492<='La Mia Rosa'!$O$12*'Parametri Modello'!$B$24,"OK",IF($F492<='La Mia Rosa'!$O$12*'Parametri Modello'!$B$25,"Attenzione","Rischio Alto"))) -> OK | V492: =IFERROR(COUNTIFS($B$2:$B$492,$B492,$O$2:$O$492,">"&$O492)+1,"") -> 81 | W492: ='Info Lega'!$B$4-SUMIFS($M$2:$M$492,$D$2:$D$492,'Info Lega'!$B$28) -> 1000 | X492: =('Info Lega'!$B$5-COUNTIFS($D$2:$D$492,'Info Lega'!$B$28,$B$2:$B$492,"P"))+('Info Lega'!$B$6-COUNTIFS($D$2:$D$492,'Info Lega'!$B$28,$B$2:$B$492,"D"))+('Info Lega'!$B$7-COUNTIFS($D$2:$D$492,'Info Lega'!$B$28,$B$2:$B$492,"C"))+('Info Lega'!$B$8-COUNTIFS($D$2:$D$492,'Info Lega'!$B$28,$B$2:$B$492,"A")) -> 25 | Y492: =X492*'Parametri Modello'!$B$30 -> 25 | Z492: =MAX(0,W492-Y492) -> 975 | AA492: =MIN(F492,Z492) -> 0 | AC492: =IF(AB492="","",IF(AB492>AA492,"PASS",IF(AB492<=AA492*0.85,"BID","ATTENZIONE"))) | AD492: =IF(I492="","",ROUND(100*(1-EXP(-I492/30)),0)) | AE492: =IFERROR(INDEX('Stato Asta'!$G$9:$G$12,MATCH($B492,'Stato Asta'!$A$9:$A$12,0)),"") -> 🔴 Non aspettare

Sheet Validazione Dati
A1: Regole chiamata giocatori
A2: A Chiamata Libera | B2: Si | C2: 3-4-3
A3: Ordine Alfabetico | B3: No | C3: 3-5-2
A4: Ruolo & Quotazione | C4: 3-6-1
A5: Busta Chiusa | C5: 4-3-3
C6: 4-4-2
C7: 4-5-1
C8: 5-4-1
C9: 5-3-2
C10: 3-6-1
C11: 6-3-1

Sheet Parametri Modello
A1: PARAMETRI MOTORE DI PRICING
A3: Budget Base Listone (standard Fantacalcio.it) | B3: 500 | C3: Le quotazioni Qt.A del listone sono tarate su un budget standard di 500 crediti e una rosa 3P-8D-8C-6A. I prezzi vengono riscalati sul tuo Budget Iniziale (Info Lega!B4).
A5: Boost Modificatore Ruolo (%) | B5: 0.15 | C5: Se attivo il Modificatore Difesa o Centrocampo (Info Lega), il prezzo base del ruolo interessato viene aumentato di questa percentuale.
A7: Boost Whichlist / Preferiti (%) | B7: 0.15 | C7: Boost MASSIMO applicato all'Offerta Max se il giocatore e' whichlist. Ora scala con l'Aggressivita' (Info Strategia!B6): aggressivita'=0 -> nessun sovrapprezzo, aggressivita'=1 -> boost pieno.
A9: Peso Performance Storica (Fantamedia vs media ruolo, %) | B9: 0.2 | C9: Quanto la Fantamedia reale 2025/26 (rispetto alla media di ruolo) sposta il prezzo in piu' o in meno. 0% = ignora la storia, guarda solo il mercato. Il fattore e' limitato a +/-25% per non far esplodere i prezzi su piccoli campioni.
A10: Ampiezza range di valutazione per ruolo (Spread %)
A11: Ruolo | B11: Spread %
A12: P | B12: 0.15
A13: D | B13: 0.2
A14: C | B14: 0.25
A15: A | B15: 0.3
C16: Spread = quanto Valutazione Min/Max si allontanano dal prezzo base scalato. Ruoli piu' cari (A, C) hanno piu' varianza di mercato.
A17: Fantamedia media per ruolo (calcolata sui giocatori con dati storici) | C17: Media della Fantamedia per ruolo, calcolata solo sui giocatori che raggiungono la soglia minima di presenze.
A18: Ruolo | B18: Fantamedia Media
A19: P | B19: =IFERROR(AVERAGEIFS('Output Utente'!$T$2:$T$492,'Output Utente'!$B$2:$B$492,"P",'Output Utente'!$T$2:$T$492,"<>",'Output Utente'!$I$2:$I$492,">="&$B$23),"") -> 5.1494444
A20: D | B20: =IFERROR(AVERAGEIFS('Output Utente'!$T$2:$T$492,'Output Utente'!$B$2:$B$492,"D",'Output Utente'!$T$2:$T$492,"<>",'Output Utente'!$I$2:$I$492,">="&$B$23),"") -> 6.0221101
A21: C | B21: =IFERROR(AVERAGEIFS('Output Utente'!$T$2:$T$492,'Output Utente'!$B$2:$B$492,"C",'Output Utente'!$T$2:$T$492,"<>",'Output Utente'!$I$2:$I$492,">="&$B$23),"") -> 6.2805042
A22: A | B22: =IFERROR(AVERAGEIFS('Output Utente'!$T$2:$T$492,'Output Utente'!$B$2:$B$492,"A",'Output Utente'!$T$2:$T$492,"<>",'Output Utente'!$I$2:$I$492,">="&$B$23),"") -> 6.6667857
A23: Presenze minime per storico (media/performance) | B23: 10 | C23: Un giocatore con meno di questa soglia di presenze non influenza la Fantamedia media del ruolo e non riceve bonus/malus dalla performance storica. La soglia e' modificabile.
A24: Soglia 'OK' (x credito medio per slot rimanente) | B24: 1.5 | C24: Sotto la soglia OK: offerta compatibile col ritmo di spesa che ti puoi permettere. Tra OK e Attenzione: fattibile ma ti restringe le prossime chiamate. Sopra: rischi di restare senza budget per gli slot che mancano.
A25: Soglia 'Attenzione' (x credito medio per slot rimanente) | B25: 3
A27: Fattore Scarsità di Ruolo attivo (Si/No) | B27: Si | C27: Confronta, per ogni ruolo, quanti giocatori disponibili restano rispetto agli slot ancora da riempire in tutta la lega. I giocatori con Qt.A=1 possono essere esclusi dal conteggio tramite il parametro dedicato. Il rapporto si aggiorna quando assegni giocatori in Output Utente.
A28: Peso massimo Scarsità (premio/sconto max, %) | B28: 0.3
A29: Escludi Qt.A=1 dalla scarsita' (Si/No) | B29: Si | C29: Se attivo, i giocatori con Qt.A=1 e ancora non assegnati non vengono conteggiati tra i giocatori disponibili per il calcolo della scarsita'. Restano comunque visibili nel listone.
A30: Riserva minima per slot (crediti) | B30: 1 | C30: Crediti minimi da conservare per ogni slot ancora da riempire. Con base d'asta a 1, il minimo teorico è 1 credito per slot.
A31: Max Bid dinamico | B31: ATTIVO | C31: Il Max Bid dinamico viene limitato dal budget realmente spendibile: Budget residuo meno la riserva minima necessaria per tutti gli slot ancora vuoti. | D31: Slot Ancora da Riempire | E31: Giocatori Liberi nel Listone | F31: Rapporto Off./Dom.
A32: P | B32: ='Info Lega'!$B$3*'Info Lega'!$B$5 -> 24 | C32: =COUNTIFS('Output Utente'!$B$2:$B$492,"P",'Output Utente'!$D$2:$D$492,"<>") -> 0 | D32: =$B32-$C32 -> 24 | E32: =IF($B$29="Si",COUNTIFS('Output Utente'!$B$2:$B$492,"P",'Output Utente'!$D$2:$D$492,"",'Output Utente'!$N$2:$N$492,">1"),COUNTIFS('Output Utente'!$B$2:$B$492,"P",'Output Utente'!$D$2:$D$492,"")) -> 24 | F32: =IFERROR($E32/$D32,"") -> 1
A33: D | B33: ='Info Lega'!$B$3*'Info Lega'!$B$6 -> 64 | C33: =COUNTIFS('Output Utente'!$B$2:$B$492,"D",'Output Utente'!$D$2:$D$492,"<>") -> 0 | D33: =$B33-$C33 -> 64 | E33: =IF($B$29="Si",COUNTIFS('Output Utente'!$B$2:$B$492,"D",'Output Utente'!$D$2:$D$492,"",'Output Utente'!$N$2:$N$492,">1"),COUNTIFS('Output Utente'!$B$2:$B$492,"D",'Output Utente'!$D$2:$D$492,"")) -> 148 | F33: =IFERROR($E33/$D33,"") -> 2.3125
A34: C | B34: ='Info Lega'!$B$3*'Info Lega'!$B$7 -> 64 | C34: =COUNTIFS('Output Utente'!$B$2:$B$492,"C",'Output Utente'!$D$2:$D$492,"<>") -> 0 | D34: =$B34-$C34 -> 64 | E34: =IF($B$29="Si",COUNTIFS('Output Utente'!$B$2:$B$492,"C",'Output Utente'!$D$2:$D$492,"",'Output Utente'!$N$2:$N$492,">1"),COUNTIFS('Output Utente'!$B$2:$B$492,"C",'Output Utente'!$D$2:$D$492,"")) -> 155 | F34: =IFERROR($E34/$D34,"") -> 2.421875
A35: A | B35: ='Info Lega'!$B$3*'Info Lega'!$B$8 -> 48 | C35: =COUNTIFS('Output Utente'!$B$2:$B$492,"A",'Output Utente'!$D$2:$D$492,"<>") -> 0 | D35: =$B35-$C35 -> 48 | E35: =IF($B$29="Si",COUNTIFS('Output Utente'!$B$2:$B$492,"A",'Output Utente'!$D$2:$D$492,"",'Output Utente'!$N$2:$N$492,">1"),COUNTIFS('Output Utente'!$B$2:$B$492,"A",'Output Utente'!$D$2:$D$492,"")) -> 77 | F35: =IFERROR($E35/$D35,"") -> 1.6041667
A37: Base di prezzo: pool FVM proporzionale al budget di lega | C37: Pool FVM: per ogni ruolo prende tutti i giocatori fino alla soglia del N-esimo FVM (N = slot totali di quel ruolo nella lega). In caso di pari FVM sulla soglia, tutti i giocatori a pari FVM entrano nel pool. Questo evita un tie-break arbitrario.
A38: Ruolo | B38: Slot Totali Lega | C38: Somma FVM Pool
A39: P | B39: =$B$32 -> 24 | C39: =SUMIFS('Output Utente'!$O$2:$O$492,'Output Utente'!$B$2:$B$492,"P",'Output Utente'!$V$2:$V$492,"<="&$B39) -> 689
A40: D | B40: =$B$33 -> 64 | C40: =SUMIFS('Output Utente'!$O$2:$O$492,'Output Utente'!$B$2:$B$492,"D",'Output Utente'!$V$2:$V$492,"<="&$B40) -> 1998
A41: C | B41: =$B$34 -> 64 | C41: =SUMIFS('Output Utente'!$O$2:$O$492,'Output Utente'!$B$2:$B$492,"C",'Output Utente'!$V$2:$V$492,"<="&$B41) -> 3678
A42: A | B42: =$B$35 -> 48 | C42: =SUMIFS('Output Utente'!$O$2:$O$492,'Output Utente'!$B$2:$B$492,"A",'Output Utente'!$V$2:$V$492,"<="&$B42) -> 4604
A43: Somma FVM Pool TOTALE (tutti i ruoli, denominatore comune) | B43: =SUM($C$39:$C$42) -> 10969 | C43: Correzione: ogni ruolo deve condividere lo stesso budget di lega, non riceverne uno intero a testa. Questa e' la somma di TUTTI i pool per ruolo, usata come denominatore comune.
A44: Budget Totale Lega (Numero Partecipanti x Budget Iniziale) | B44: ='Info Lega'!$B$3*'Info Lega'!$B$4 -> 8000
A46: Soglia Pressione VERDE (Top+Buoni rimasti / slot residui lega, >=) | B46: 2 | C46: Sotto la soglia gialla: Pressione ROSSA (non aspettare). Esempio ChatGPT: 7 Top/Buoni per 3 slot=2.33 (verde), 4 per 3=1.33 (giallo), 2 per 3=0.67 (rosso).
A47: Soglia Pressione GIALLA (>=) | B47: 1
A48: Target storico % budget per ruolo (calibrato su aste reali) | C48: Fonte: Rose_fantalba 2023 e 2025 (dati reali, 8 squadre, 16 aste-ruolo). Sostituisce la distribuzione derivata dal solo FVM, che sovrastimava i difensori (18%->reale 11.6%) e sottostimava portieri e attaccanti.
A49: Ruolo | B49: % Budget Target (storico)
A50: P | B50: 0.093
A51: D | B51: 0.116
A52: C | B52: 0.278
A53: A | B53: 0.515
A55: Modello a due livelli: Titolari vs Riserve (calibrato su aste reali 2023+2025) | C55: Nelle aste reali l'85-96% del budget di ruolo va ai 'titolari' (i migliori N per FVM, N = squadre x titolari-per-ruolo dal modulo preferito). Le riserve costano quasi niente indipendentemente dal loro FVM. Sostituisce la distribuzione proporzionale unica.
A56: Ruolo | B56: Titolari per Squadra | C56: N Titolari Lega | D56: % Budget Ruolo ai Titolari | E56: Somma FVM Titolari | F56: Somma FVM Riserve
A57: P | B57: =1 -> 1 | C57: ='Info Lega'!$B$3*$B57 -> 8 | D57: 0.88 | E57: =SUMIFS('Output Utente'!$O$2:$O$492,'Output Utente'!$B$2:$B$492,"P",'Output Utente'!$V$2:$V$492,"<="&$C57) -> 416 | F57: =$C$39-$E57 -> 273
A58: D | B58: ='Info Strategia'!$B$2 -> 3 | C58: ='Info Lega'!$B$3*$B58 -> 24 | D58: 0.85 | E58: =SUMIFS('Output Utente'!$O$2:$O$492,'Output Utente'!$B$2:$B$492,"D",'Output Utente'!$V$2:$V$492,"<="&$C58) -> 1196 | F58: =$C$40-$E58 -> 802
A59: C | B59: ='Info Strategia'!$B$3 -> 4 | C59: ='Info Lega'!$B$3*$B59 -> 32 | D59: 0.95 | E59: =SUMIFS('Output Utente'!$O$2:$O$492,'Output Utente'!$B$2:$B$492,"C",'Output Utente'!$V$2:$V$492,"<="&$C59) -> 2897 | F59: =$C$41-$E59 -> 781
A60: A | B60: ='Info Strategia'!$B$4 -> 3 | C60: ='Info Lega'!$B$3*$B60 -> 24 | D60: 0.93 | E60: =SUMIFS('Output Utente'!$O$2:$O$492,'Output Utente'!$B$2:$B$492,"A",'Output Utente'!$V$2:$V$492,"<="&$C60) -> 3713 | F60: =$C$42-$E60 -> 891

Sheet Giocatori Liberi
A1: GIOCATORI ANCORA DISPONIBILI (non ancora chiamati all'asta)
A3: # | B3: Id | C3: R | D3: Nome | E3: Squadra Serie A | F3: Qt.A | G3: FVM/1000 | H3: Fascia Aspettativa | I3: Offerta Max | J3: Valutazione Min | K3: Valutazione Max | L3: Whichlist | M3: Sostenibilità | N3: Pressione Ruolo
A4: 1 | B4: =IFERROR(INDEX('Output Utente'!$A$2:$A$492,MATCH(1,'Output Utente'!$Q$2:$Q$492,0)),"") -> 2764 | C4: =IFERROR(INDEX('Output Utente'!$B$2:$B$492,MATCH(1,'Output Utente'!$Q$2:$Q$492,0)),"") -> A | D4: =IFERROR(INDEX('Output Utente'!$C$2:$C$492,MATCH(1,'Output Utente'!$Q$2:$Q$492,0)),"") -> Martinez L. | E4: =IFERROR(INDEX('Input Giocatori 2026_27'!$D$3:$D$493,MATCH($B4,'Input Giocatori 2026_27'!$A$3:$A$493,0)),"") -> Inter | F4: =IFERROR(INDEX('Output Utente'!$N$2:$N$492,MATCH(1,'Output Utente'!$Q$2:$Q$492,0)),"") -> 35 | G4: =IFERROR(INDEX('Output Utente'!$O$2:$O$492,MATCH(1,'Output Utente'!$Q$2:$Q$492,0)),"") -> 370 | H4: =IFERROR(INDEX('Output Utente'!$P$2:$P$492,MATCH(1,'Output Utente'!$Q$2:$Q$492,0)),"") -> Top | I4: =IFERROR(INDEX('Output Utente'!$F$2:$F$492,MATCH(1,'Output Utente'!$Q$2:$Q$492,0)),"") -> 397 | J4: =IFERROR(INDEX('Output Utente'!$G$2:$G$492,MATCH(1,'Output Utente'!$Q$2:$Q$492,0)),"") -> 248 | K4: =IFERROR(INDEX('Output Utente'!$H$2:$H$492,MATCH(1,'Output Utente'!$Q$2:$Q$492,0)),"") -> 461 | L4: =IFERROR(INDEX('Output Utente'!$E$2:$E$492,MATCH(1,'Output Utente'!$Q$2:$Q$492,0)),"") -> NO | M4: =IFERROR(INDEX('Output Utente'!$U$2:$U$492,MATCH(1,'Output Utente'!$Q$2:$Q$492,0)),"") -> Rischio Alto | N4: =IFERROR(INDEX('Output Utente'!$AE$2:$AE$492,MATCH(1,'Output Utente'!$Q$2:$Q$492,0)),"") -> 🔴 Non aspettare
A5: 2 | B5: =IFERROR(INDEX('Output Utente'!$A$2:$A$492,MATCH(2,'Output Utente'!$Q$2:$Q$492,0)),"") -> 5585 | C5: =IFERROR(INDEX('Output Utente'!$B$2:$B$492,MATCH(2,'Output Utente'!$Q$2:$Q$492,0)),"") -> A | D5: =IFERROR(INDEX('Output Utente'!$C$2:$C$492,MATCH(2,'Output Utente'!$Q$2:$Q$492,0)),"") -> Malen | E5: =IFERROR(INDEX('Input Giocatori 2026_27'!$D$3:$D$493,MATCH($B5,'Input Giocatori 2026_27'!$A$3:$A$493,0)),"") -> Roma | F5: =IFERROR(INDEX('Output Utente'!$N$2:$N$492,MATCH(2,'Output Utente'!$Q$2:$Q$492,0)),"") -> 34 | G5: =IFERROR(INDEX('Output Utente'!$O$2:$O$492,MATCH(2,'Output Utente'!$Q$2:$Q$492,0)),"") -> 365 | H5: =IFERROR(INDEX('Output Utente'!$P$2:$P$492,MATCH(2,'Output Utente'!$Q$2:$Q$492,0)),"") -> Top | I5: =IFERROR(INDEX('Output Utente'!$F$2:$F$492,MATCH(2,'Output Utente'!$Q$2:$Q$492,0)),"") -> 400 | J5: =IFERROR(INDEX('Output Utente'!$G$2:$G$492,MATCH(2,'Output Utente'!$Q$2:$Q$492,0)),"") -> 250 | K5: =IFERROR(INDEX('Output Utente'!$H$2:$H$492,MATCH(2,'Output Utente'!$Q$2:$Q$492,0)),"") -> 464 | L5: =IFERROR(INDEX('Output Utente'!$E$2:$E$492,MATCH(2,'Output Utente'!$Q$2:$Q$492,0)),"") -> NO | M5: =IFERROR(INDEX('Output Utente'!$U$2:$U$492,MATCH(2,'Output Utente'!$Q$2:$Q$492,0)),"") -> Rischio Alto | N5: =IFERROR(INDEX('Output Utente'!$AE$2:$AE$492,MATCH(2,'Output Utente'!$Q$2:$Q$492,0)),"") -> 🔴 Non aspettare
A6: 3 | B6: =IFERROR(INDEX('Output Utente'!$A$2:$A$492,MATCH(3,'Output Utente'!$Q$2:$Q$492,0)),"") -> 4871 | C6: =IFERROR(INDEX('Output Utente'!$B$2:$B$492,MATCH(3,'Output Utente'!$Q$2:$Q$492,0)),"") -> A | D6: =IFERROR(INDEX('Output Utente'!$C$2:$C$492,MATCH(3,'Output Utente'!$Q$2:$Q$492,0)),"") -> Thuram | E6: =IFERROR(INDEX('Input Giocatori 2026_27'!$D$3:$D$493,MATCH($B6,'Input Giocatori 2026_27'!$A$3:$A$493,0)),"") -> Inter | F6: =IFERROR(INDEX('Output Utente'!$N$2:$N$492,MATCH(3,'Output Utente'!$Q$2:$Q$492,0)),"") -> 29 | G6: =IFERROR(INDEX('Output Utente'!$O$2:$O$492,MATCH(3,'Output Utente'!$Q$2:$Q$492,0)),"") -> 280 | H6: =IFERROR(INDEX('Output Utente'!$P$2:$P$492,MATCH(3,'Output Utente'!$Q$2:$Q$492,0)),"") -> Top | I6: =IFERROR(INDEX('Output Utente'!$F$2:$F$492,MATCH(3,'Output Utente'!$Q$2:$Q$492,0)),"") -> 298 | J6: =IFERROR(INDEX('Output Utente'!$G$2:$G$492,MATCH(3,'Output Utente'!$Q$2:$Q$492,0)),"") -> 186 | K6: =IFERROR(INDEX('Output Utente'!$H$2:$H$492,MATCH(3,'Output Utente'!$Q$2:$Q$492,0)),"") -> 346 | L6: =IFERROR(INDEX('Output Utente'!$E$2:$E$492,MATCH(3,'Output Utente'!$Q$2:$Q$492,0)),"") -> NO | M6: =IFERROR(INDEX('Output Utente'!$U$2:$U$492,MATCH(3,'Output Utente'!$Q$2:$Q$492,0)),"") -> Rischio Alto | N6: =IFERROR(INDEX('Output Utente'!$AE$2:$AE$492,MATCH(3,'Output Utente'!$Q$2:$Q$492,0)),"") -> 🔴 Non aspettare
A7: 4 | B7: =IFERROR(INDEX('Output Utente'!$A$2:$A$492,MATCH(4,'Output Utente'!$Q$2:$Q$492,0)),"") -> 6052 | C7: =IFERROR(INDEX('Output Utente'!$B$2:$B$492,MATCH(4,'Output Utente'!$Q$2:$Q$492,0)),"") -> A | D7: =IFERROR(INDEX('Output Utente'!$C$2:$C$492,MATCH(4,'Output Utente'!$Q$2:$Q$492,0)),"") -> Hojlund | E7: =IFERROR(INDEX('Input Giocatori 2026_27'!$D$3:$D$493,MATCH($B7,'Input Giocatori 2026_27'!$A$3:$A$493,0)),"") -> Napoli | F7: =IFERROR(INDEX('Output Utente'!$N$2:$N$492,MATCH(4,'Output Utente'!$Q$2:$Q$492,0)),"") -> 28 | G7: =IFERROR(INDEX('Output Utente'!$O$2:$O$492,MATCH(4,'Output Utente'!$Q$2:$Q$492,0)),"") -> 271 | H7: =IFERROR(INDEX('Output Utente'!$P$2:$P$492,MATCH(4,'Output Utente'!$Q$2:$Q$492,0)),"") -> Top | I7: =IFERROR(INDEX('Output Utente'!$F$2:$F$492,MATCH(4,'Output Utente'!$Q$2:$Q$492,0)),"") -> 284 | J7: =IFERROR(INDEX('Output Utente'!$G$2:$G$492,MATCH(4,'Output Utente'!$Q$2:$Q$492,0)),"") -> 178 | K7: =IFERROR(INDEX('Output Utente'!$H$2:$H$492,MATCH(4,'Output Utente'!$Q$2:$Q$492,0)),"") -> 330 | L7: =IFERROR(INDEX('Output Utente'!$E$2:$E$492,MATCH(4,'Output Utente'!$Q$2:$Q$492,0)),"") -> NO | M7: =IFERROR(INDEX('Output Utente'!$U$2:$U$492,MATCH(4,'Output Utente'!$Q$2:$Q$492,0)),"") -> Rischio Alto | N7: =IFERROR(INDEX('Output Utente'!$AE$2:$AE$492,MATCH(4,'Output Utente'!$Q$2:$Q$492,0)),"") -> 🔴 Non aspettare
A8: 5 | B8: =IFERROR(INDEX('Output Utente'!$A$2:$A$492,MATCH(5,'Output Utente'!$Q$2:$Q$492,0)),"") -> 254 | C8: =IFERROR(INDEX('Output Utente'!$B$2:$B$492,MATCH(5,'Output Utente'!$Q$2:$Q$492,0)),"") -> D | D8: =IFERROR(INDEX('Output Utente'!$C$2:$C$492,MATCH(5,'Output Utente'!$Q$2:$Q$492,0)),"") -> Dimarco | E8: =IFERROR(INDEX('Input Giocatori 2026_27'!$D$3:$D$493,MATCH($B8,'Input Giocatori 2026_27'!$A$3:$A$493,0)),"") -> Inter | F8: =IFERROR(INDEX('Output Utente'!$N$2:$N$492,MATCH(5,'Output Utente'!$Q$2:$Q$492,0)),"") -> 32 | G8: =IFERROR(INDEX('Output Utente'!$O$2:$O$492,MATCH(5,'Output Utente'!$Q$2:$Q$492,0)),"") -> 265 | H8: =IFERROR(INDEX('Output Utente'!$P$2:$P$492,MATCH(5,'Output Utente'!$Q$2:$Q$492,0)),"") -> Top | I8: =IFERROR(INDEX('Output Utente'!$F$2:$F$492,MATCH(5,'Output Utente'!$Q$2:$Q$492,0)),"") -> 190 | J8: =IFERROR(INDEX('Output Utente'!$G$2:$G$492,MATCH(5,'Output Utente'!$Q$2:$Q$492,0)),"") -> 141 | K8: =IFERROR(INDEX('Output Utente'!$H$2:$H$492,MATCH(5,'Output Utente'!$Q$2:$Q$492,0)),"") -> 211 | L8: =IFERROR(INDEX('Output Utente'!$E$2:$E$492,MATCH(5,'Output Utente'!$Q$2:$Q$492,0)),"") -> NO | M8: =IFERROR(INDEX('Output Utente'!$U$2:$U$492,MATCH(5,'Output Utente'!$Q$2:$Q$492,0)),"") -> Rischio Alto | N8: =IFERROR(INDEX('Output Utente'!$AE$2:$AE$492,MATCH(5,'Output Utente'!$Q$2:$Q$492,0)),"") -> 🟡 Attesa rischiosa
A9: 6 | B9: =IFERROR(INDEX('Output Utente'!$A$2:$A$492,MATCH(6,'Output Utente'!$Q$2:$Q$492,0)),"") -> 6875 | C9: =IFERROR(INDEX('Output Utente'!$B$2:$B$492,MATCH(6,'Output Utente'!$Q$2:$Q$492,0)),"") -> C | D9: =IFERROR(INDEX('Output Utente'!$C$2:$C$492,MATCH(6,'Output Utente'!$Q$2:$Q$492,0)),"") -> Paz N. | E9: =IFERROR(INDEX('Input Giocatori 2026_27'!$D$3:$D$493,MATCH($B9,'Input Giocatori 2026_27'!$A$3:$A$493,0)),"") -> Como | F9: =IFERROR(INDEX('Output Utente'!$N$2:$N$492,MATCH(6,'Output Utente'!$Q$2:$Q$492,0)),"") -> 30 | G9: =IFERROR(INDEX('Output Utente'!$O$2:$O$492,MATCH(6,'Output Utente'!$Q$2:$Q$492,0)),"") -> 250 | H9: =IFERROR(INDEX('Output Utente'!$P$2:$P$492,MATCH(6,'Output Utente'!$Q$2:$Q$492,0)),"") -> Top | I9: =IFERROR(INDEX('Output Utente'!$F$2:$F$492,MATCH(6,'Output Utente'!$Q$2:$Q$492,0)),"") -> 171 | J9: =IFERROR(INDEX('Output Utente'!$G$2:$G$492,MATCH(6,'Output Utente'!$Q$2:$Q$492,0)),"") -> 116 | K9: =IFERROR(INDEX('Output Utente'!$H$2:$H$492,MATCH(6,'Output Utente'!$Q$2:$Q$492,0)),"") -> 194 | L9: =IFERROR(INDEX('Output Utente'!$E$2:$E$492,MATCH(6,'Output Utente'!$Q$2:$Q$492,0)),"") -> NO | M9: =IFERROR(INDEX('Output Utente'!$U$2:$U$492,MATCH(6,'Output Utente'!$Q$2:$Q$492,0)),"") -> Rischio Alto | N9: =IFERROR(INDEX('Output Utente'!$AE$2:$AE$492,MATCH(6,'Output Utente'!$Q$2:$Q$492,0)),"") -> 🟡 Attesa rischiosa
A10: 7 | B10: =IFERROR(INDEX('Output Utente'!$A$2:$A$492,MATCH(7,'Output Utente'!$Q$2:$Q$492,0)),"") -> 4777 | C10: =IFERROR(INDEX('Output Utente'!$B$2:$B$492,MATCH(7,'Output Utente'!$Q$2:$Q$492,0)),"") -> C | D10: =IFERROR(INDEX('Output Utente'!$C$2:$C$492,MATCH(7,'Output Utente'!$Q$2:$Q$492,0)),"") -> McTominay | E10: =IFERROR(INDEX('Input Giocatori 2026_27'!$D$3:$D$493,MATCH($B10,'Input Giocatori 2026_27'!$A$3:$A$493,0)),"") -> Napoli | F10: =IFERROR(INDEX('Output Utente'!$N$2:$N$492,MATCH(7,'Output Utente'!$Q$2:$Q$492,0)),"") -> 28 | G10: =IFERROR(INDEX('Output Utente'!$O$2:$O$492,MATCH(7,'Output Utente'!$Q$2:$Q$492,0)),"") -> 240 | H10: =IFERROR(INDEX('Output Utente'!$P$2:$P$492,MATCH(7,'Output Utente'!$Q$2:$Q$492,0)),"") -> Top | I10: =IFERROR(INDEX('Output Utente'!$F$2:$F$492,MATCH(7,'Output Utente'!$Q$2:$Q$492,0)),"") -> 164 | J10: =IFERROR(INDEX('Output Utente'!$G$2:$G$492,MATCH(7,'Output Utente'!$Q$2:$Q$492,0)),"") -> 112 | K10: =IFERROR(INDEX('Output Utente'!$H$2:$H$492,MATCH(7,'Output Utente'!$Q$2:$Q$492,0)),"") -> 186 | L10: =IFERROR(INDEX('Output Utente'!$E$2:$E$492,MATCH(7,'Output Utente'!$Q$2:$Q$492,0)),"") -> NO | M10: =IFERROR(INDEX('Output Utente'!$U$2:$U$492,MATCH(7,'Output Utente'!$Q$2:$Q$492,0)),"") -> Rischio Alto | N10: =IFERROR(INDEX('Output Utente'!$AE$2:$AE$492,MATCH(7,'Output Utente'!$Q$2:$Q$492,0)),"") -> 🟡 Attesa rischiosa
A11: 8 | B11: =IFERROR(INDEX('Output Utente'!$A$2:$A$492,MATCH(8,'Output Utente'!$Q$2:$Q$492,0)),"") -> 6397 | C11: =IFERROR(INDEX('Output Utente'!$B$2:$B$492,MATCH(8,'Output Utente'!$Q$2:$Q$492,0)),"") -> A | D11: =IFERROR(INDEX('Output Utente'!$C$2:$C$492,MATCH(8,'Output Utente'!$Q$2:$Q$492,0)),"") -> Ramos G. | E11: =IFERROR(INDEX('Input Giocatori 2026_27'!$D$3:$D$493,MATCH($B11,'Input Giocatori 2026_27'!$A$3:$A$493,0)),"") -> Milan | F11: =IFERROR(INDEX('Output Utente'!$N$2:$N$492,MATCH(8,'Output Utente'!$Q$2:$Q$492,0)),"") -> 27 | G11: =IFERROR(INDEX('Output Utente'!$O$2:$O$492,MATCH(8,'Output Utente'!$Q$2:$Q$492,0)),"") -> 240 | H11: =IFERROR(INDEX('Output Utente'!$P$2:$P$492,MATCH(8,'Output Utente'!$Q$2:$Q$492,0)),"") -> Top | I11: =IFERROR(INDEX('Output Utente'!$F$2:$F$492,MATCH(8,'Output Utente'!$Q$2:$Q$492,0)),"") -> 246 | J11: =IFERROR(INDEX('Output Utente'!$G$2:$G$492,MATCH(8,'Output Utente'!$Q$2:$Q$492,0)),"") -> 154 | K11: =IFERROR(INDEX('Output Utente'!$H$2:$H$492,MATCH(8,'Output Utente'!$Q$2:$Q$492,0)),"") -> 286 | L11: =IFERROR(INDEX('Output Utente'!$E$2:$E$492,MATCH(8,'Output Utente'!$Q$2:$Q$492,0)),"") -> NO | M11: =IFERROR(INDEX('Output Utente'!$U$2:$U$492,MATCH(8,'Output Utente'!$Q$2:$Q$492,0)),"") -> Rischio Alto | N11: =IFERROR(INDEX('Output Utente'!$AE$2:$AE$492,MATCH(8,'Output Utente'!$Q$2:$Q$492,0)),"") -> 🔴 Non aspettare
A12: 9 | B12: =IFERROR(INDEX('Output Utente'!$A$2:$A$492,MATCH(9,'Output Utente'!$Q$2:$Q$492,0)),"") -> 2194 | C12: =IFERROR(INDEX('Output Utente'!$B$2:$B$492,MATCH(9,'Output Utente'!$Q$2:$Q$492,0)),"") -> C | D12: =IFERROR(INDEX('Output Utente'!$C$2:$C$492,MATCH(9,'Output Utente'!$Q$2:$Q$492,0)),"") -> Calhanoglu | E12: =IFERROR(INDEX('Input Giocatori 2026_27'!$D$3:$D$493,MATCH($B12,'Input Giocatori 2026_27'!$A$3:$A$493,0)),"") -> Inter | F12: =IFERROR(INDEX('Output Utente'!$N$2:$N$492,MATCH(9,'Output Utente'!$Q$2:$Q$492,0)),"") -> 27 | G12: =IFERROR(INDEX('Output Utente'!$O$2:$O$492,MATCH(9,'Output Utente'!$Q$2:$Q$492,0)),"") -> 230 | H12: =IFERROR(INDEX('Output Utente'!$P$2:$P$492,MATCH(9,'Output Utente'!$Q$2:$Q$492,0)),"") -> Top | I12: =IFERROR(INDEX('Output Utente'!$F$2:$F$492,MATCH(9,'Output Utente'!$Q$2:$Q$492,0)),"") -> 158 | J12: =IFERROR(INDEX('Output Utente'!$G$2:$G$492,MATCH(9,'Output Utente'!$Q$2:$Q$492,0)),"") -> 108 | K12: =IFERROR(INDEX('Output Utente'!$H$2:$H$492,MATCH(9,'Output Utente'!$Q$2:$Q$492,0)),"") -> 180 | L12: =IFERROR(INDEX('Output Utente'!$E$2:$E$492,MATCH(9,'Output Utente'!$Q$2:$Q$492,0)),"") -> NO | M12: =IFERROR(INDEX('Output Utente'!$U$2:$U$492,MATCH(9,'Output Utente'!$Q$2:$Q$492,0)),"") -> Rischio Alto | N12: =IFERROR(INDEX('Output Utente'!$AE$2:$AE$492,MATCH(9,'Output Utente'!$Q$2:$Q$492,0)),"") -> 🟡 Attesa rischiosa
A13: 10 | B13: =IFERROR(INDEX('Output Utente'!$A$2:$A$492,MATCH(10,'Output Utente'!$Q$2:$Q$492,0)),"") -> 5951 | C13: =IFERROR(INDEX('Output Utente'!$B$2:$B$492,MATCH(10,'Output Utente'!$Q$2:$Q$492,0)),"") -> A | D13: =IFERROR(INDEX('Output Utente'!$C$2:$C$492,MATCH(10,'Output Utente'!$Q$2:$Q$492,0)),"") -> Kolo Muani | E13: =IFERROR(INDEX('Input Giocatori 2026_27'!$D$3:$D$493,MATCH($B13,'Input Giocatori 2026_27'!$A$3:$A$493,0)),"") -> Juventus | F13: =IFERROR(INDEX('Output Utente'!$N$2:$N$492,MATCH(10,'Output Utente'!$Q$2:$Q$492,0)),"") -> 26 | G13: =IFERROR(INDEX('Output Utente'!$O$2:$O$492,MATCH(10,'Output Utente'!$Q$2:$Q$492,0)),"") -> 225 | H13: =IFERROR(INDEX('Output Utente'!$P$2:$P$492,MATCH(10,'Output Utente'!$Q$2:$Q$492,0)),"") -> Top | I13: =IFERROR(INDEX('Output Utente'!$F$2:$F$492,MATCH(10,'Output Utente'!$Q$2:$Q$492,0)),"") -> 231 | J13: =IFERROR(INDEX('Output Utente'!$G$2:$G$492,MATCH(10,'Output Utente'!$Q$2:$Q$492,0)),"") -> 144 | K13: =IFERROR(INDEX('Output Utente'!$H$2:$H$492,MATCH(10,'Output Utente'!$Q$2:$Q$492,0)),"") -> 268 | L13: =IFERROR(INDEX('Output Utente'!$E$2:$E$492,MATCH(10,'Output Utente'!$Q$2:$Q$492,0)),"") -> NO | M13: =IFERROR(INDEX('Output Utente'!$U$2:$U$492,MATCH(10,'Output Utente'!$Q$2:$Q$492,0)),"") -> Rischio Alto | N13: =IFERROR(INDEX('Output Utente'!$AE$2:$AE$492,MATCH(10,'Output Utente'!$Q$2:$Q$492,0)),"") -> 🔴 Non aspettare
A14: 11 | B14: =IFERROR(INDEX('Output Utente'!$A$2:$A$492,MATCH(11,'Output Utente'!$Q$2:$Q$492,0)),"") -> 2097 | C14: =IFERROR(INDEX('Output Utente'!$B$2:$B$492,MATCH(11,'Output Utente'!$Q$2:$Q$492,0)),"") -> A | D14: =IFERROR(INDEX('Output Utente'!$C$2:$C$492,MATCH(11,'Output Utente'!$Q$2:$Q$492,0)),"") -> Kean | E14: =IFERROR(INDEX('Input Giocatori 2026_27'!$D$3:$D$493,MATCH($B14,'Input Giocatori 2026_27'!$A$3:$A$493,0)),"") -> Fiorentina | F14: =IFERROR(INDEX('Output Utente'!$N$2:$N$492,MATCH(11,'Output Utente'!$Q$2:$Q$492,0)),"") -> 25 | G14: =IFERROR(INDEX('Output Utente'!$O$2:$O$492,MATCH(11,'Output Utente'!$Q$2:$Q$492,0)),"") -> 212 | H14: =IFERROR(INDEX('Output Utente'!$P$2:$P$492,MATCH(11,'Output Utente'!$Q$2:$Q$492,0)),"") -> Top | I14: =IFERROR(INDEX('Output Utente'!$F$2:$F$492,MATCH(11,'Output Utente'!$Q$2:$Q$492,0)),"") -> 218 | J14: =IFERROR(INDEX('Output Utente'!$G$2:$G$492,MATCH(11,'Output Utente'!$Q$2:$Q$492,0)),"") -> 136 | K14: =IFERROR(INDEX('Output Utente'!$H$2:$H$492,MATCH(11,'Output Utente'!$Q$2:$Q$492,0)),"") -> 253 | L14: =IFERROR(INDEX('Output Utente'!$E$2:$E$492,MATCH(11,'Output Utente'!$Q$2:$Q$492,0)),"") -> NO | M14: =IFERROR(INDEX('Output Utente'!$U$2:$U$492,MATCH(11,'Output Utente'!$Q$2:$Q$492,0)),"") -> Rischio Alto | N14: =IFERROR(INDEX('Output Utente'!$AE$2:$AE$492,MATCH(11,'Output Utente'!$Q$2:$Q$492,0)),"") -> 🔴 Non aspettare
A15: 12 | B15: =IFERROR(INDEX('Output Utente'!$A$2:$A$492,MATCH(12,'Output Utente'!$Q$2:$Q$492,0)),"") -> 2167 | C15: =IFERROR(INDEX('Output Utente'!$B$2:$B$492,MATCH(12,'Output Utente'!$Q$2:$Q$492,0)),"") -> C | D15: =IFERROR(INDEX('Output Utente'!$C$2:$C$492,MATCH(12,'Output Utente'!$Q$2:$Q$492,0)),"") -> Orsolini | E15: =IFERROR(INDEX('Input Giocatori 2026_27'!$D$3:$D$493,MATCH($B15,'Input Giocatori 2026_27'!$A$3:$A$493,0)),"") -> Bologna | F15: =IFERROR(INDEX('Output Utente'!$N$2:$N$492,MATCH(12,'Output Utente'!$Q$2:$Q$492,0)),"") -> 26 | G15: =IFERROR(INDEX('Output Utente'!$O$2:$O$492,MATCH(12,'Output Utente'!$Q$2:$Q$492,0)),"") -> 200 | H15: =IFERROR(INDEX('Output Utente'!$P$2:$P$492,MATCH(12,'Output Utente'!$Q$2:$Q$492,0)),"") -> Top | I15: =IFERROR(INDEX('Output Utente'!$F$2:$F$492,MATCH(12,'Output Utente'!$Q$2:$Q$492,0)),"") -> 135 | J15: =IFERROR(INDEX('Output Utente'!$G$2:$G$492,MATCH(12,'Output Utente'!$Q$2:$Q$492,0)),"") -> 92 | K15: =IFERROR(INDEX('Output Utente'!$H$2:$H$492,MATCH(12,'Output Utente'!$Q$2:$Q$492,0)),"") -> 153 | L15: =IFERROR(INDEX('Output Utente'!$E$2:$E$492,MATCH(12,'Output Utente'!$Q$2:$Q$492,0)),"") -> NO | M15: =IFERROR(INDEX('Output Utente'!$U$2:$U$492,MATCH(12,'Output Utente'!$Q$2:$Q$492,0)),"") -> Rischio Alto | N15: =IFERROR(INDEX('Output Utente'!$AE$2:$AE$492,MATCH(12,'Output Utente'!$Q$2:$Q$492,0)),"") -> 🟡 Attesa rischiosa
A16: 13 | B16: =IFERROR(INDEX('Output Utente'!$A$2:$A$492,MATCH(13,'Output Utente'!$Q$2:$Q$492,0)),"") -> 6434 | C16: =IFERROR(INDEX('Output Utente'!$B$2:$B$492,MATCH(13,'Output Utente'!$Q$2:$Q$492,0)),"") -> A | D16: =IFERROR(INDEX('Output Utente'!$C$2:$C$492,MATCH(13,'Output Utente'!$Q$2:$Q$492,0)),"") -> Yildiz | E16: =IFERROR(INDEX('Input Giocatori 2026_27'!$D$3:$D$493,MATCH($B16,'Input Giocatori 2026_27'!$A$3:$A$493,0)),"") -> Juventus | F16: =IFERROR(INDEX('Output Utente'!$N$2:$N$492,MATCH(13,'Output Utente'!$Q$2:$Q$492,0)),"") -> 23 | G16: =IFERROR(INDEX('Output Utente'!$O$2:$O$492,MATCH(13,'Output Utente'!$Q$2:$Q$492,0)),"") -> 200 | H16: =IFERROR(INDEX('Output Utente'!$P$2:$P$492,MATCH(13,'Output Utente'!$Q$2:$Q$492,0)),"") -> Top | I16: =IFERROR(INDEX('Output Utente'!$F$2:$F$492,MATCH(13,'Output Utente'!$Q$2:$Q$492,0)),"") -> 209 | J16: =IFERROR(INDEX('Output Utente'!$G$2:$G$492,MATCH(13,'Output Utente'!$Q$2:$Q$492,0)),"") -> 131 | K16: =IFERROR(INDEX('Output Utente'!$H$2:$H$492,MATCH(13,'Output Utente'!$Q$2:$Q$492,0)),"") -> 243 | L16: =IFERROR(INDEX('Output Utente'!$E$2:$E$492,MATCH(13,'Output Utente'!$Q$2:$Q$492,0)),"") -> NO | M16: =IFERROR(INDEX('Output Utente'!$U$2:$U$492,MATCH(13,'Output Utente'!$Q$2:$Q$492,0)),"") -> Rischio Alto | N16: =IFERROR(INDEX('Output Utente'!$AE$2:$AE$492,MATCH(13,'Output Utente'!$Q$2:$Q$492,0)),"") -> 🔴 Non aspettare
A17: 14 | B17: =IFERROR(INDEX('Output Utente'!$A$2:$A$492,MATCH(14,'Output Utente'!$Q$2:$Q$492,0)),"") -> 2423 | C17: =IFERROR(INDEX('Output Utente'!$B$2:$B$492,MATCH(14,'Output Utente'!$Q$2:$Q$492,0)),"") -> C | D17: =IFERROR(INDEX('Output Utente'!$C$2:$C$492,MATCH(14,'Output Utente'!$Q$2:$Q$492,0)),"") -> Pulisic | E17: =IFERROR(INDEX('Input Giocatori 2026_27'!$D$3:$D$493,MATCH($B17,'Input Giocatori 2026_27'!$A$3:$A$493,0)),"") -> Milan | F17: =IFERROR(INDEX('Output Utente'!$N$2:$N$492,MATCH(14,'Output Utente'!$Q$2:$Q$492,0)),"") -> 25 | G17: =IFERROR(INDEX('Output Utente'!$O$2:$O$492,MATCH(14,'Output Utente'!$Q$2:$Q$492,0)),"") -> 180 | H17: =IFERROR(INDEX('Output Utente'!$P$2:$P$492,MATCH(14,'Output Utente'!$Q$2:$Q$492,0)),"") -> Top | I17: =IFERROR(INDEX('Output Utente'!$F$2:$F$492,MATCH(14,'Output Utente'!$Q$2:$Q$492,0)),"") -> 122 | J17: =IFERROR(INDEX('Output Utente'!$G$2:$G$492,MATCH(14,'Output Utente'!$Q$2:$Q$492,0)),"") -> 83 | K17: =IFERROR(INDEX('Output Utente'!$H$2:$H$492,MATCH(14,'Output Utente'!$Q$2:$Q$492,0)),"") -> 139 | L17: =IFERROR(INDEX('Output Utente'!$E$2:$E$492,MATCH(14,'Output Utente'!$Q$2:$Q$492,0)),"") -> NO | M17: =IFERROR(INDEX('Output Utente'!$U$2:$U$492,MATCH(14,'Output Utente'!$Q$2:$Q$492,0)),"") -> Rischio Alto | N17: =IFERROR(INDEX('Output Utente'!$AE$2:$AE$492,MATCH(14,'Output Utente'!$Q$2:$Q$492,0)),"") -> 🟡 Attesa rischiosa
A18: 15 | B18: =IFERROR(INDEX('Output Utente'!$A$2:$A$492,MATCH(15,'Output Utente'!$Q$2:$Q$492,0)),"") -> 7017 | C18: =IFERROR(INDEX('Output Utente'!$B$2:$B$492,MATCH(15,'Output Utente'!$Q$2:$Q$492,0)),"") -> A | D18: =IFERROR(INDEX('Output Utente'!$C$2:$C$492,MATCH(15,'Output Utente'!$Q$2:$Q$492,0)),"") -> Douvikas | E18: =IFERROR(INDEX('Input Giocatori 2026_27'!$D$3:$D$493,MATCH($B18,'Input Giocatori 2026_27'!$A$3:$A$493,0)),"") -> Como | F18: =IFERROR(INDEX('Output Utente'!$N$2:$N$492,MATCH(15,'Output Utente'!$Q$2:$Q$492,0)),"") -> 20 | G18: =IFERROR(INDEX('Output Utente'!$O$2:$O$492,MATCH(15,'Output Utente'!$Q$2:$Q$492,0)),"") -> 157 | H18: =IFERROR(INDEX('Output Utente'!$P$2:$P$492,MATCH(15,'Output Utente'!$Q$2:$Q$492,0)),"") -> Top | I18: =IFERROR(INDEX('Output Utente'!$F$2:$F$492,MATCH(15,'Output Utente'!$Q$2:$Q$492,0)),"") -> 165 | J18: =IFERROR(INDEX('Output Utente'!$G$2:$G$492,MATCH(15,'Output Utente'!$Q$2:$Q$492,0)),"") -> 103 | K18: =IFERROR(INDEX('Output Utente'!$H$2:$H$492,MATCH(15,'Output Utente'!$Q$2:$Q$492,0)),"") -> 191 | L18: =IFERROR(INDEX('Output Utente'!$E$2:$E$492,MATCH(15,'Output Utente'!$Q$2:$Q$492,0)),"") -> NO | M18: =IFERROR(INDEX('Output Utente'!$U$2:$U$492,MATCH(15,'Output Utente'!$Q$2:$Q$492,0)),"") -> Rischio Alto | N18: =IFERROR(INDEX('Output Utente'!$AE$2:$AE$492,MATCH(15,'Output Utente'!$Q$2:$Q$492,0)),"") -> 🔴 Non aspettare
A19: 16 | B19: =IFERROR(INDEX('Output Utente'!$A$2:$A$492,MATCH(16,'Output Utente'!$Q$2:$Q$492,0)),"") -> 2379 | C19: =IFERROR(INDEX('Output Utente'!$B$2:$B$492,MATCH(16,'Output Utente'!$Q$2:$Q$492,0)),"") -> C | D19: =IFERROR(INDEX('Output Utente'!$C$2:$C$492,MATCH(16,'Output Utente'!$Q$2:$Q$492,0)),"") -> Rabiot | E19: =IFERROR(INDEX('Input Giocatori 2026_27'!$D$3:$D$493,MATCH($B19,'Input Giocatori 2026_27'!$A$3:$A$493,0)),"") -> Milan | F19: =IFERROR(INDEX('Output Utente'!$N$2:$N$492,MATCH(16,'Output Utente'!$Q$2:$Q$492,0)),"") -> 22 | G19: =IFERROR(INDEX('Output Utente'!$O$2:$O$492,MATCH(16,'Output Utente'!$Q$2:$Q$492,0)),"") -> 128 | H19: =IFERROR(INDEX('Output Utente'!$P$2:$P$492,MATCH(16,'Output Utente'!$Q$2:$Q$492,0)),"") -> Top | I19: =IFERROR(INDEX('Output Utente'!$F$2:$F$492,MATCH(16,'Output Utente'!$Q$2:$Q$492,0)),"") -> 86 | J19: =IFERROR(INDEX('Output Utente'!$G$2:$G$492,MATCH(16,'Output Utente'!$Q$2:$Q$492,0)),"") -> 59 | K19: =IFERROR(INDEX('Output Utente'!$H$2:$H$492,MATCH(16,'Output Utente'!$Q$2:$Q$492,0)),"") -> 98 | L19: =IFERROR(INDEX('Output Utente'!$E$2:$E$492,MATCH(16,'Output Utente'!$Q$2:$Q$492,0)),"") -> NO | M19: =IFERROR(INDEX('Output Utente'!$U$2:$U$492,MATCH(16,'Output Utente'!$Q$2:$Q$492,0)),"") -> Attenzione | N19: =IFERROR(INDEX('Output Utente'!$AE$2:$AE$492,MATCH(16,'Output Utente'!$Q$2:$Q$492,0)),"") -> 🟡 Attesa rischiosa
A20: 17 | B20: =IFERROR(INDEX('Output Utente'!$A$2:$A$492,MATCH(17,'Output Utente'!$Q$2:$Q$492,0)),"") -> 2137 | C20: =IFERROR(INDEX('Output Utente'!$B$2:$B$492,MATCH(17,'Output Utente'!$Q$2:$Q$492,0)),"") -> A | D20: =IFERROR(INDEX('Output Utente'!$C$2:$C$492,MATCH(17,'Output Utente'!$Q$2:$Q$492,0)),"") -> Scamacca | E20: =IFERROR(INDEX('Input Giocatori 2026_27'!$D$3:$D$493,MATCH($B20,'Input Giocatori 2026_27'!$A$3:$A$493,0)),"") -> Atalanta | F20: =IFERROR(INDEX('Output Utente'!$N$2:$N$492,MATCH(17,'Output Utente'!$Q$2:$Q$492,0)),"") -> 19 | G20: =IFERROR(INDEX('Output Utente'!$O$2:$O$492,MATCH(17,'Output Utente'!$Q$2:$Q$492,0)),"") -> 128 | H20: =IFERROR(INDEX('Output Utente'!$P$2:$P$492,MATCH(17,'Output Utente'!$Q$2:$Q$492,0)),"") -> Top | I20: =IFERROR(INDEX('Output Utente'!$F$2:$F$492,MATCH(17,'Output Utente'!$Q$2:$Q$492,0)),"") -> 134 | J20: =IFERROR(INDEX('Output Utente'!$G$2:$G$492,MATCH(17,'Output Utente'!$Q$2:$Q$492,0)),"") -> 84 | K20: =IFERROR(INDEX('Output Utente'!$H$2:$H$492,MATCH(17,'Output Utente'!$Q$2:$Q$492,0)),"") -> 156 | L20: =IFERROR(INDEX('Output Utente'!$E$2:$E$492,MATCH(17,'Output Utente'!$Q$2:$Q$492,0)),"") -> NO | M20: =IFERROR(INDEX('Output Utente'!$U$2:$U$492,MATCH(17,'Output Utente'!$Q$2:$Q$492,0)),"") -> Rischio Alto | N20: =IFERROR(INDEX('Output Utente'!$AE$2:$AE$492,MATCH(17,'Output Utente'!$Q$2:$Q$492,0)),"") -> 🔴 Non aspettare
A21: 18 | B21: =IFERROR(INDEX('Output Utente'!$A$2:$A$492,MATCH(18,'Output Utente'!$Q$2:$Q$492,0)),"") -> 5637 | C21: =IFERROR(INDEX('Output Utente'!$B$2:$B$492,MATCH(18,'Output Utente'!$Q$2:$Q$492,0)),"") -> A | D21: =IFERROR(INDEX('Output Utente'!$C$2:$C$492,MATCH(18,'Output Utente'!$Q$2:$Q$492,0)),"") -> Davis K. | E21: =IFERROR(INDEX('Input Giocatori 2026_27'!$D$3:$D$493,MATCH($B21,'Input Giocatori 2026_27'!$A$3:$A$493,0)),"") -> Udinese | F21: =IFERROR(INDEX('Output Utente'!$N$2:$N$492,MATCH(18,'Output Utente'!$Q$2:$Q$492,0)),"") -> 19 | G21: =IFERROR(INDEX('Output Utente'!$O$2:$O$492,MATCH(18,'Output Utente'!$Q$2:$Q$492,0)),"") -> 121 | H21: =IFERROR(INDEX('Output Utente'!$P$2:$P$492,MATCH(18,'Output Utente'!$Q$2:$Q$492,0)),"") -> Top | I21: =IFERROR(INDEX('Output Utente'!$F$2:$F$492,MATCH(18,'Output Utente'!$Q$2:$Q$492,0)),"") -> 127 | J21: =IFERROR(INDEX('Output Utente'!$G$2:$G$492,MATCH(18,'Output Utente'!$Q$2:$Q$492,0)),"") -> 79 | K21: =IFERROR(INDEX('Output Utente'!$H$2:$H$492,MATCH(18,'Output Utente'!$Q$2:$Q$492,0)),"") -> 147 | L21: =IFERROR(INDEX('Output Utente'!$E$2:$E$492,MATCH(18,'Output Utente'!$Q$2:$Q$492,0)),"") -> NO | M21: =IFERROR(INDEX('Output Utente'!$U$2:$U$492,MATCH(18,'Output Utente'!$Q$2:$Q$492,0)),"") -> Rischio Alto | N21: =IFERROR(INDEX('Output Utente'!$AE$2:$AE$492,MATCH(18,'Output Utente'!$Q$2:$Q$492,0)),"") -> 🔴 Non aspettare
A22: 19 | B22: =IFERROR(INDEX('Output Utente'!$A$2:$A$492,MATCH(19,'Output Utente'!$Q$2:$Q$492,0)),"") -> 4510 | C22: =IFERROR(INDEX('Output Utente'!$B$2:$B$492,MATCH(19,'Output Utente'!$Q$2:$Q$492,0)),"") -> A | D22: =IFERROR(INDEX('Output Utente'!$C$2:$C$492,MATCH(19,'Output Utente'!$Q$2:$Q$492,0)),"") -> Leao | E22: =IFERROR(INDEX('Input Giocatori 2026_27'!$D$3:$D$493,MATCH($B22,'Input Giocatori 2026_27'!$A$3:$A$493,0)),"") -> Milan | F22: =IFERROR(INDEX('Output Utente'!$N$2:$N$492,MATCH(19,'Output Utente'!$Q$2:$Q$492,0)),"") -> 18 | G22: =IFERROR(INDEX('Output Utente'!$O$2:$O$492,MATCH(19,'Output Utente'!$Q$2:$Q$492,0)),"") -> 120 | H22: =IFERROR(INDEX('Output Utente'!$P$2:$P$492,MATCH(19,'Output Utente'!$Q$2:$Q$492,0)),"") -> Top | I22: =IFERROR(INDEX('Output Utente'!$F$2:$F$492,MATCH(19,'Output Utente'!$Q$2:$Q$492,0)),"") -> 124 | J22: =IFERROR(INDEX('Output Utente'!$G$2:$G$492,MATCH(19,'Output Utente'!$Q$2:$Q$492,0)),"") -> 77 | K22: =IFERROR(INDEX('Output Utente'!$H$2:$H$492,MATCH(19,'Output Utente'!$Q$2:$Q$492,0)),"") -> 144 | L22: =IFERROR(INDEX('Output Utente'!$E$2:$E$492,MATCH(19,'Output Utente'!$Q$2:$Q$492,0)),"") -> NO | M22: =IFERROR(INDEX('Output Utente'!$U$2:$U$492,MATCH(19,'Output Utente'!$Q$2:$Q$492,0)),"") -> Rischio Alto | N22: =IFERROR(INDEX('Output Utente'!$AE$2:$AE$492,MATCH(19,'Output Utente'!$Q$2:$Q$492,0)),"") -> 🔴 Non aspettare
A23: 20 | B23: =IFERROR(INDEX('Output Utente'!$A$2:$A$492,MATCH(20,'Output Utente'!$Q$2:$Q$492,0)),"") -> 531 | C23: =IFERROR(INDEX('Output Utente'!$B$2:$B$492,MATCH(20,'Output Utente'!$Q$2:$Q$492,0)),"") -> A | D23: =IFERROR(INDEX('Output Utente'!$C$2:$C$492,MATCH(20,'Output Utente'!$Q$2:$Q$492,0)),"") -> Berardi | E23: =IFERROR(INDEX('Input Giocatori 2026_27'!$D$3:$D$493,MATCH($B23,'Input Giocatori 2026_27'!$A$3:$A$493,0)),"") -> Sassuolo | F23: =IFERROR(INDEX('Output Utente'!$N$2:$N$492,MATCH(20,'Output Utente'!$Q$2:$Q$492,0)),"") -> 18 | G23: =IFERROR(INDEX('Output Utente'!$O$2:$O$492,MATCH(20,'Output Utente'!$Q$2:$Q$492,0)),"") -> 115 | H23: =IFERROR(INDEX('Output Utente'!$P$2:$P$492,MATCH(20,'Output Utente'!$Q$2:$Q$492,0)),"") -> Top | I23: =IFERROR(INDEX('Output Utente'!$F$2:$F$492,MATCH(20,'Output Utente'!$Q$2:$Q$492,0)),"") -> 120 | J23: =IFERROR(INDEX('Output Utente'!$G$2:$G$492,MATCH(20,'Output Utente'!$Q$2:$Q$492,0)),"") -> 75 | K23: =IFERROR(INDEX('Output Utente'!$H$2:$H$492,MATCH(20,'Output Utente'!$Q$2:$Q$492,0)),"") -> 139 | L23: =IFERROR(INDEX('Output Utente'!$E$2:$E$492,MATCH(20,'Output Utente'!$Q$2:$Q$492,0)),"") -> NO | M23: =IFERROR(INDEX('Output Utente'!$U$2:$U$492,MATCH(20,'Output Utente'!$Q$2:$Q$492,0)),"") -> Attenzione | N23: =IFERROR(INDEX('Output Utente'!$AE$2:$AE$492,MATCH(20,'Output Utente'!$Q$2:$Q$492,0)),"") -> 🔴 Non aspettare
A24: 21 | B24: =IFERROR(INDEX('Output Utente'!$A$2:$A$492,MATCH(21,'Output Utente'!$Q$2:$Q$492,0)),"") -> 5995 | C24: =IFERROR(INDEX('Output Utente'!$B$2:$B$492,MATCH(21,'Output Utente'!$Q$2:$Q$492,0)),"") -> A | D24: =IFERROR(INDEX('Output Utente'!$C$2:$C$492,MATCH(21,'Output Utente'!$Q$2:$Q$492,0)),"") -> De Ketelaere | E24: =IFERROR(INDEX('Input Giocatori 2026_27'!$D$3:$D$493,MATCH($B24,'Input Giocatori 2026_27'!$A$3:$A$493,0)),"") -> Atalanta | F24: =IFERROR(INDEX('Output Utente'!$N$2:$N$492,MATCH(21,'Output Utente'!$Q$2:$Q$492,0)),"") -> 17 | G24: =IFERROR(INDEX('Output Utente'!$O$2:$O$492,MATCH(21,'Output Utente'!$Q$2:$Q$492,0)),"") -> 106 | H24: =IFERROR(INDEX('Output Utente'!$P$2:$P$492,MATCH(21,'Output Utente'!$Q$2:$Q$492,0)),"") -> Buono | I24: =IFERROR(INDEX('Output Utente'!$F$2:$F$492,MATCH(21,'Output Utente'!$Q$2:$Q$492,0)),"") -> 109 | J24: =IFERROR(INDEX('Output Utente'!$G$2:$G$492,MATCH(21,'Output Utente'!$Q$2:$Q$492,0)),"") -> 68 | K24: =IFERROR(INDEX('Output Utente'!$H$2:$H$492,MATCH(21,'Output Utente'!$Q$2:$Q$492,0)),"") -> 126 | L24: =IFERROR(INDEX('Output Utente'!$E$2:$E$492,MATCH(21,'Output Utente'!$Q$2:$Q$492,0)),"") -> NO | M24: =IFERROR(INDEX('Output Utente'!$U$2:$U$492,MATCH(21,'Output Utente'!$Q$2:$Q$492,0)),"") -> Attenzione | N24: =IFERROR(INDEX('Output Utente'!$AE$2:$AE$492,MATCH(21,'Output Utente'!$Q$2:$Q$492,0)),"") -> 🔴 Non aspettare
A25: 22 | B25: =IFERROR(INDEX('Output Utente'!$A$2:$A$492,MATCH(22,'Output Utente'!$Q$2:$Q$492,0)),"") -> 7126 | C25: =IFERROR(INDEX('Output Utente'!$B$2:$B$492,MATCH(22,'Output Utente'!$Q$2:$Q$492,0)),"") -> C | D25: =IFERROR(INDEX('Output Utente'!$C$2:$C$492,MATCH(22,'Output Utente'!$Q$2:$Q$492,0)),"") -> Baturina | E25: =IFERROR(INDEX('Input Giocatori 2026_27'!$D$3:$D$493,MATCH($B25,'Input Giocatori 2026_27'!$A$3:$A$493,0)),"") -> Como | F25: =IFERROR(INDEX('Output Utente'!$N$2:$N$492,MATCH(22,'Output Utente'!$Q$2:$Q$492,0)),"") -> 19 | G25: =IFERROR(INDEX('Output Utente'!$O$2:$O$492,MATCH(22,'Output Utente'!$Q$2:$Q$492,0)),"") -> 102 | H25: =IFERROR(INDEX('Output Utente'!$P$2:$P$492,MATCH(22,'Output Utente'!$Q$2:$Q$492,0)),"") -> Top | I25: =IFERROR(INDEX('Output Utente'!$F$2:$F$492,MATCH(22,'Output Utente'!$Q$2:$Q$492,0)),"") -> 69 | J25: =IFERROR(INDEX('Output Utente'!$G$2:$G$492,MATCH(22,'Output Utente'!$Q$2:$Q$492,0)),"") -> 47 | K25: =IFERROR(INDEX('Output Utente'!$H$2:$H$492,MATCH(22,'Output Utente'!$Q$2:$Q$492,0)),"") -> 79 | L25: =IFERROR(INDEX('Output Utente'!$E$2:$E$492,MATCH(22,'Output Utente'!$Q$2:$Q$492,0)),"") -> NO | M25: =IFERROR(INDEX('Output Utente'!$U$2:$U$492,MATCH(22,'Output Utente'!$Q$2:$Q$492,0)),"") -> Attenzione | N25: =IFERROR(INDEX('Output Utente'!$AE$2:$AE$492,MATCH(22,'Output Utente'!$Q$2:$Q$492,0)),"") -> 🟡 Attesa rischiosa
A26: 23 | B26: =IFERROR(INDEX('Output Utente'!$A$2:$A$492,MATCH(23,'Output Utente'!$Q$2:$Q$492,0)),"") -> 2517 | C26: =IFERROR(INDEX('Output Utente'!$B$2:$B$492,MATCH(23,'Output Utente'!$Q$2:$Q$492,0)),"") -> C | D26: =IFERROR(INDEX('Output Utente'!$C$2:$C$492,MATCH(23,'Output Utente'!$Q$2:$Q$492,0)),"") -> De Bruyne | E26: =IFERROR(INDEX('Input Giocatori 2026_27'!$D$3:$D$493,MATCH($B26,'Input Giocatori 2026_27'!$A$3:$A$493,0)),"") -> Napoli | F26: =IFERROR(INDEX('Output Utente'!$N$2:$N$492,MATCH(23,'Output Utente'!$Q$2:$Q$492,0)),"") -> 15 | G26: =IFERROR(INDEX('Output Utente'!$O$2:$O$492,MATCH(23,'Output Utente'!$Q$2:$Q$492,0)),"") -> 100 | H26: =IFERROR(INDEX('Output Utente'!$P$2:$P$492,MATCH(23,'Output Utente'!$Q$2:$Q$492,0)),"") -> Top | I26: =IFERROR(INDEX('Output Utente'!$F$2:$F$492,MATCH(23,'Output Utente'!$Q$2:$Q$492,0)),"") -> 68 | J26: =IFERROR(INDEX('Output Utente'!$G$2:$G$492,MATCH(23,'Output Utente'!$Q$2:$Q$492,0)),"") -> 46 | K26: =IFERROR(INDEX('Output Utente'!$H$2:$H$492,MATCH(23,'Output Utente'!$Q$2:$Q$492,0)),"") -> 77 | L26: =IFERROR(INDEX('Output Utente'!$E$2:$E$492,MATCH(23,'Output Utente'!$Q$2:$Q$492,0)),"") -> NO | M26: =IFERROR(INDEX('Output Utente'!$U$2:$U$492,MATCH(23,'Output Utente'!$Q$2:$Q$492,0)),"") -> Attenzione | N26: =IFERROR(INDEX('Output Utente'!$AE$2:$AE$492,MATCH(23,'Output Utente'!$Q$2:$Q$492,0)),"") -> 🟡 Attesa rischiosa
A27: 24 | B27: =IFERROR(INDEX('Output Utente'!$A$2:$A$492,MATCH(24,'Output Utente'!$Q$2:$Q$492,0)),"") -> 6435 | C27: =IFERROR(INDEX('Output Utente'!$B$2:$B$492,MATCH(24,'Output Utente'!$Q$2:$Q$492,0)),"") -> A | D27: =IFERROR(INDEX('Output Utente'!$C$2:$C$492,MATCH(24,'Output Utente'!$Q$2:$Q$492,0)),"") -> Krstovic | E27: =IFERROR(INDEX('Input Giocatori 2026_27'!$D$3:$D$493,MATCH($B27,'Input Giocatori 2026_27'!$A$3:$A$493,0)),"") -> Atalanta | F27: =IFERROR(INDEX('Output Utente'!$N$2:$N$492,MATCH(24,'Output Utente'!$Q$2:$Q$492,0)),"") -> 18 | G27: =IFERROR(INDEX('Output Utente'!$O$2:$O$492,MATCH(24,'Output Utente'!$Q$2:$Q$492,0)),"") -> 100 | H27: =IFERROR(INDEX('Output Utente'!$P$2:$P$492,MATCH(24,'Output Utente'!$Q$2:$Q$492,0)),"") -> Buono | I27: =IFERROR(INDEX('Output Utente'!$F$2:$F$492,MATCH(24,'Output Utente'!$Q$2:$Q$492,0)),"") -> 104 | J27: =IFERROR(INDEX('Output Utente'!$G$2:$G$492,MATCH(24,'Output Utente'!$Q$2:$Q$492,0)),"") -> 65 | K27: =IFERROR(INDEX('Output Utente'!$H$2:$H$492,MATCH(24,'Output Utente'!$Q$2:$Q$492,0)),"") -> 121 | L27: =IFERROR(INDEX('Output Utente'!$E$2:$E$492,MATCH(24,'Output Utente'!$Q$2:$Q$492,0)),"") -> NO | M27: =IFERROR(INDEX('Output Utente'!$U$2:$U$492,MATCH(24,'Output Utente'!$Q$2:$Q$492,0)),"") -> Attenzione | N27: =IFERROR(INDEX('Output Utente'!$AE$2:$AE$492,MATCH(24,'Output Utente'!$Q$2:$Q$492,0)),"") -> 🔴 Non aspettare
A28: 25 | B28: =IFERROR(INDEX('Output Utente'!$A$2:$A$492,MATCH(25,'Output Utente'!$Q$2:$Q$492,0)),"") -> 7071 | C28: =IFERROR(INDEX('Output Utente'!$B$2:$B$492,MATCH(25,'Output Utente'!$Q$2:$Q$492,0)),"") -> A | D28: =IFERROR(INDEX('Output Utente'!$C$2:$C$492,MATCH(25,'Output Utente'!$Q$2:$Q$492,0)),"") -> Esposito F.P. | E28: =IFERROR(INDEX('Input Giocatori 2026_27'!$D$3:$D$493,MATCH($B28,'Input Giocatori 2026_27'!$A$3:$A$493,0)),"") -> Inter | F28: =IFERROR(INDEX('Output Utente'!$N$2:$N$492,MATCH(25,'Output Utente'!$Q$2:$Q$492,0)),"") -> 16 | G28: =IFERROR(INDEX('Output Utente'!$O$2:$O$492,MATCH(25,'Output Utente'!$Q$2:$Q$492,0)),"") -> 93 | H28: =IFERROR(INDEX('Output Utente'!$P$2:$P$492,MATCH(25,'Output Utente'!$Q$2:$Q$492,0)),"") -> Buono | I28: =IFERROR(INDEX('Output Utente'!$F$2:$F$492,MATCH(25,'Output Utente'!$Q$2:$Q$492,0)),"") -> 96 | J28: =IFERROR(INDEX('Output Utente'!$G$2:$G$492,MATCH(25,'Output Utente'!$Q$2:$Q$492,0)),"") -> 60 | K28: =IFERROR(INDEX('Output Utente'!$H$2:$H$492,MATCH(25,'Output Utente'!$Q$2:$Q$492,0)),"") -> 112 | L28: =IFERROR(INDEX('Output Utente'!$E$2:$E$492,MATCH(25,'Output Utente'!$Q$2:$Q$492,0)),"") -> NO | M28: =IFERROR(INDEX('Output Utente'!$U$2:$U$492,MATCH(25,'Output Utente'!$Q$2:$Q$492,0)),"") -> Attenzione | N28: =IFERROR(INDEX('Output Utente'!$AE$2:$AE$492,MATCH(25,'Output Utente'!$Q$2:$Q$492,0)),"") -> 🔴 Non aspettare
A29: 26 | B29: =IFERROR(INDEX('Output Utente'!$A$2:$A$492,MATCH(26,'Output Utente'!$Q$2:$Q$492,0)),"") -> 632 | C29: =IFERROR(INDEX('Output Utente'!$B$2:$B$492,MATCH(26,'Output Utente'!$Q$2:$Q$492,0)),"") -> C | D29: =IFERROR(INDEX('Output Utente'!$C$2:$C$492,MATCH(26,'Output Utente'!$Q$2:$Q$492,0)),"") -> Zaccagni | E29: =IFERROR(INDEX('Input Giocatori 2026_27'!$D$3:$D$493,MATCH($B29,'Input Giocatori 2026_27'!$A$3:$A$493,0)),"") -> Lazio | F29: =IFERROR(INDEX('Output Utente'!$N$2:$N$492,MATCH(26,'Output Utente'!$Q$2:$Q$492,0)),"") -> 16 | G29: =IFERROR(INDEX('Output Utente'!$O$2:$O$492,MATCH(26,'Output Utente'!$Q$2:$Q$492,0)),"") -> 91 | H29: =IFERROR(INDEX('Output Utente'!$P$2:$P$492,MATCH(26,'Output Utente'!$Q$2:$Q$492,0)),"") -> Top | I29: =IFERROR(INDEX('Output Utente'!$F$2:$F$492,MATCH(26,'Output Utente'!$Q$2:$Q$492,0)),"") -> 60 | J29: =IFERROR(INDEX('Output Utente'!$G$2:$G$492,MATCH(26,'Output Utente'!$Q$2:$Q$492,0)),"") -> 41 | K29: =IFERROR(INDEX('Output Utente'!$H$2:$H$492,MATCH(26,'Output Utente'!$Q$2:$Q$492,0)),"") -> 68 | L29: =IFERROR(INDEX('Output Utente'!$E$2:$E$492,MATCH(26,'Output Utente'!$Q$2:$Q$492,0)),"") -> NO | M29: =IFERROR(INDEX('Output Utente'!$U$2:$U$492,MATCH(26,'Output Utente'!$Q$2:$Q$492,0)),"") -> OK | N29: =IFERROR(INDEX('Output Utente'!$AE$2:$AE$492,MATCH(26,'Output Utente'!$Q$2:$Q$492,0)),"") -> 🟡 Attesa rischiosa
A30: 27 | B30: =IFERROR(INDEX('Output Utente'!$A$2:$A$492,MATCH(27,'Output Utente'!$Q$2:$Q$492,0)),"") -> 7181 | C30: =IFERROR(INDEX('Output Utente'!$B$2:$B$492,MATCH(27,'Output Utente'!$Q$2:$Q$492,0)),"") -> D | D30: =IFERROR(INDEX('Output Utente'!$C$2:$C$492,MATCH(27,'Output Utente'!$Q$2:$Q$492,0)),"") -> Wesley | E30: =IFERROR(INDEX('Input Giocatori 2026_27'!$D$3:$D$493,MATCH($B30,'Input Giocatori 2026_27'!$A$3:$A$493,0)),"") -> Roma | F30: =IFERROR(INDEX('Output Utente'!$N$2:$N$492,MATCH(27,'Output Utente'!$Q$2:$Q$492,0)),"") -> 17 | G30: =IFERROR(INDEX('Output Utente'!$O$2:$O$492,MATCH(27,'Output Utente'!$Q$2:$Q$492,0)),"") -> 90 | H30: =IFERROR(INDEX('Output Utente'!$P$2:$P$492,MATCH(27,'Output Utente'!$Q$2:$Q$492,0)),"") -> Top | I30: =IFERROR(INDEX('Output Utente'!$F$2:$F$492,MATCH(27,'Output Utente'!$Q$2:$Q$492,0)),"") -> 62 | J30: =IFERROR(INDEX('Output Utente'!$G$2:$G$492,MATCH(27,'Output Utente'!$Q$2:$Q$492,0)),"") -> 46 | K30: =IFERROR(INDEX('Output Utente'!$H$2:$H$492,MATCH(27,'Output Utente'!$Q$2:$Q$492,0)),"") -> 69 | L30: =IFERROR(INDEX('Output Utente'!$E$2:$E$492,MATCH(27,'Output Utente'!$Q$2:$Q$492,0)),"") -> NO | M30: =IFERROR(INDEX('Output Utente'!$U$2:$U$492,MATCH(27,'Output Utente'!$Q$2:$Q$492,0)),"") -> Attenzione | N30: =IFERROR(INDEX('Output Utente'!$AE$2:$AE$492,MATCH(27,'Output Utente'!$Q$2:$Q$492,0)),"") -> 🟡 Attesa rischiosa
A31: 28 | B31: =IFERROR(INDEX('Output Utente'!$A$2:$A$492,MATCH(28,'Output Utente'!$Q$2:$Q$492,0)),"") -> 5559 | C31: =IFERROR(INDEX('Output Utente'!$B$2:$B$492,MATCH(28,'Output Utente'!$Q$2:$Q$492,0)),"") -> C | D31: =IFERROR(INDEX('Output Utente'!$C$2:$C$492,MATCH(28,'Output Utente'!$Q$2:$Q$492,0)),"") -> Da Cunha | E31: =IFERROR(INDEX('Input Giocatori 2026_27'!$D$3:$D$493,MATCH($B31,'Input Giocatori 2026_27'!$A$3:$A$493,0)),"") -> Como | F31: =IFERROR(INDEX('Output Utente'!$N$2:$N$492,MATCH(28,'Output Utente'!$Q$2:$Q$492,0)),"") -> 18 | G31: =IFERROR(INDEX('Output Utente'!$O$2:$O$492,MATCH(28,'Output Utente'!$Q$2:$Q$492,0)),"") -> 90 | H31: =IFERROR(INDEX('Output Utente'!$P$2:$P$492,MATCH(28,'Output Utente'!$Q$2:$Q$492,0)),"") -> Top | I31: =IFERROR(INDEX('Output Utente'!$F$2:$F$492,MATCH(28,'Output Utente'!$Q$2:$Q$492,0)),"") -> 61 | J31: =IFERROR(INDEX('Output Utente'!$G$2:$G$492,MATCH(28,'Output Utente'!$Q$2:$Q$492,0)),"") -> 41 | K31: =IFERROR(INDEX('Output Utente'!$H$2:$H$492,MATCH(28,'Output Utente'!$Q$2:$Q$492,0)),"") -> 69 | L31: =IFERROR(INDEX('Output Utente'!$E$2:$E$492,MATCH(28,'Output Utente'!$Q$2:$Q$492,0)),"") -> NO | M31: =IFERROR(INDEX('Output Utente'!$U$2:$U$492,MATCH(28,'Output Utente'!$Q$2:$Q$492,0)),"") -> Attenzione | N31: =IFERROR(INDEX('Output Utente'!$AE$2:$AE$492,MATCH(28,'Output Utente'!$Q$2:$Q$492,0)),"") -> 🟡 Attesa rischiosa
A32: 29 | B32: =IFERROR(INDEX('Output Utente'!$A$2:$A$492,MATCH(29,'Output Utente'!$Q$2:$Q$492,0)),"") -> 2766 | C32: =IFERROR(INDEX('Output Utente'!$B$2:$B$492,MATCH(29,'Output Utente'!$Q$2:$Q$492,0)),"") -> C | D32: =IFERROR(INDEX('Output Utente'!$C$2:$C$492,MATCH(29,'Output Utente'!$Q$2:$Q$492,0)),"") -> Zaniolo | E32: =IFERROR(INDEX('Input Giocatori 2026_27'!$D$3:$D$493,MATCH($B32,'Input Giocatori 2026_27'!$A$3:$A$493,0)),"") -> Udinese | F32: =IFERROR(INDEX('Output Utente'!$N$2:$N$492,MATCH(29,'Output Utente'!$Q$2:$Q$492,0)),"") -> 18 | G32: =IFERROR(INDEX('Output Utente'!$O$2:$O$492,MATCH(29,'Output Utente'!$Q$2:$Q$492,0)),"") -> 90 | H32: =IFERROR(INDEX('Output Utente'!$P$2:$P$492,MATCH(29,'Output Utente'!$Q$2:$Q$492,0)),"") -> Top | I32: =IFERROR(INDEX('Output Utente'!$F$2:$F$492,MATCH(29,'Output Utente'!$Q$2:$Q$492,0)),"") -> 61 | J32: =IFERROR(INDEX('Output Utente'!$G$2:$G$492,MATCH(29,'Output Utente'!$Q$2:$Q$492,0)),"") -> 41 | K32: =IFERROR(INDEX('Output Utente'!$H$2:$H$492,MATCH(29,'Output Utente'!$Q$2:$Q$492,0)),"") -> 69 | L32: =IFERROR(INDEX('Output Utente'!$E$2:$E$492,MATCH(29,'Output Utente'!$Q$2:$Q$492,0)),"") -> NO | M32: =IFERROR(INDEX('Output Utente'!$U$2:$U$492,MATCH(29,'Output Utente'!$Q$2:$Q$492,0)),"") -> Attenzione | N32: =IFERROR(INDEX('Output Utente'!$AE$2:$AE$492,MATCH(29,'Output Utente'!$Q$2:$Q$492,0)),"") -> 🟡 Attesa rischiosa
A33: 30 | B33: =IFERROR(INDEX('Output Utente'!$A$2:$A$492,MATCH(30,'Output Utente'!$Q$2:$Q$492,0)),"") -> 6060 | C33: =IFERROR(INDEX('Output Utente'!$B$2:$B$492,MATCH(30,'Output Utente'!$Q$2:$Q$492,0)),"") -> A | D33: =IFERROR(INDEX('Output Utente'!$C$2:$C$492,MATCH(30,'Output Utente'!$Q$2:$Q$492,0)),"") -> Laurientè | E33: =IFERROR(INDEX('Input Giocatori 2026_27'!$D$3:$D$493,MATCH($B33,'Input Giocatori 2026_27'!$A$3:$A$493,0)),"") -> Sassuolo | F33: =IFERROR(INDEX('Output Utente'!$N$2:$N$492,MATCH(30,'Output Utente'!$Q$2:$Q$492,0)),"") -> 15 | G33: =IFERROR(INDEX('Output Utente'!$O$2:$O$492,MATCH(30,'Output Utente'!$Q$2:$Q$492,0)),"") -> 88 | H33: =IFERROR(INDEX('Output Utente'!$P$2:$P$492,MATCH(30,'Output Utente'!$Q$2:$Q$492,0)),"") -> Buono | I33: =IFERROR(INDEX('Output Utente'!$F$2:$F$492,MATCH(30,'Output Utente'!$Q$2:$Q$492,0)),"") -> 91 | J33: =IFERROR(INDEX('Output Utente'!$G$2:$G$492,MATCH(30,'Output Utente'!$Q$2:$Q$492,0)),"") -> 57 | K33: =IFERROR(INDEX('Output Utente'!$H$2:$H$492,MATCH(30,'Output Utente'!$Q$2:$Q$492,0)),"") -> 106 | L33: =IFERROR(INDEX('Output Utente'!$E$2:$E$492,MATCH(30,'Output Utente'!$Q$2:$Q$492,0)),"") -> NO | M33: =IFERROR(INDEX('Output Utente'!$U$2:$U$492,MATCH(30,'Output Utente'!$Q$2:$Q$492,0)),"") -> Attenzione | N33: =IFERROR(INDEX('Output Utente'!$AE$2:$AE$492,MATCH(30,'Output Utente'!$Q$2:$Q$492,0)),"") -> 🔴 Non aspettare
A34: 31 | B34: =IFERROR(INDEX('Output Utente'!$A$2:$A$492,MATCH(31,'Output Utente'!$Q$2:$Q$492,0)),"") -> 6908 | C34: =IFERROR(INDEX('Output Utente'!$B$2:$B$492,MATCH(31,'Output Utente'!$Q$2:$Q$492,0)),"") -> C | D34: =IFERROR(INDEX('Output Utente'!$C$2:$C$492,MATCH(31,'Output Utente'!$Q$2:$Q$492,0)),"") -> Atta | E34: =IFERROR(INDEX('Input Giocatori 2026_27'!$D$3:$D$493,MATCH($B34,'Input Giocatori 2026_27'!$A$3:$A$493,0)),"") -> Fiorentina | F34: =IFERROR(INDEX('Output Utente'!$N$2:$N$492,MATCH(31,'Output Utente'!$Q$2:$Q$492,0)),"") -> 17 | G34: =IFERROR(INDEX('Output Utente'!$O$2:$O$492,MATCH(31,'Output Utente'!$Q$2:$Q$492,0)),"") -> 87 | H34: =IFERROR(INDEX('Output Utente'!$P$2:$P$492,MATCH(31,'Output Utente'!$Q$2:$Q$492,0)),"") -> Top | I34: =IFERROR(INDEX('Output Utente'!$F$2:$F$492,MATCH(31,'Output Utente'!$Q$2:$Q$492,0)),"") -> 59 | J34: =IFERROR(INDEX('Output Utente'!$G$2:$G$492,MATCH(31,'Output Utente'!$Q$2:$Q$492,0)),"") -> 40 | K34: =IFERROR(INDEX('Output Utente'!$H$2:$H$492,MATCH(31,'Output Utente'!$Q$2:$Q$492,0)),"") -> 67 | L34: =IFERROR(INDEX('Output Utente'!$E$2:$E$492,MATCH(31,'Output Utente'!$Q$2:$Q$492,0)),"") -> NO | M34: =IFERROR(INDEX('Output Utente'!$U$2:$U$492,MATCH(31,'Output Utente'!$Q$2:$Q$492,0)),"") -> OK | N34: =IFERROR(INDEX('Output Utente'!$AE$2:$AE$492,MATCH(31,'Output Utente'!$Q$2:$Q$492,0)),"") -> 🟡 Attesa rischiosa
A35: 32 | B35: =IFERROR(INDEX('Output Utente'!$A$2:$A$492,MATCH(32,'Output Utente'!$Q$2:$Q$492,0)),"") -> 6675 | C35: =IFERROR(INDEX('Output Utente'!$B$2:$B$492,MATCH(32,'Output Utente'!$Q$2:$Q$492,0)),"") -> A | D35: =IFERROR(INDEX('Output Utente'!$C$2:$C$492,MATCH(32,'Output Utente'!$Q$2:$Q$492,0)),"") -> Dovbyk | E35: =IFERROR(INDEX('Input Giocatori 2026_27'!$D$3:$D$493,MATCH($B35,'Input Giocatori 2026_27'!$A$3:$A$493,0)),"") -> Bologna | F35: =IFERROR(INDEX('Output Utente'!$N$2:$N$492,MATCH(32,'Output Utente'!$Q$2:$Q$492,0)),"") -> 16 | G35: =IFERROR(INDEX('Output Utente'!$O$2:$O$492,MATCH(32,'Output Utente'!$Q$2:$Q$492,0)),"") -> 84 | H35: =IFERROR(INDEX('Output Utente'!$P$2:$P$492,MATCH(32,'Output Utente'!$Q$2:$Q$492,0)),"") -> Buono | I35: =IFERROR(INDEX('Output Utente'!$F$2:$F$492,MATCH(32,'Output Utente'!$Q$2:$Q$492,0)),"") -> 86 | J35: =IFERROR(INDEX('Output Utente'!$G$2:$G$492,MATCH(32,'Output Utente'!$Q$2:$Q$492,0)),"") -> 54 | K35: =IFERROR(INDEX('Output Utente'!$H$2:$H$492,MATCH(32,'Output Utente'!$Q$2:$Q$492,0)),"") -> 100 | L35: =IFERROR(INDEX('Output Utente'!$E$2:$E$492,MATCH(32,'Output Utente'!$Q$2:$Q$492,0)),"") -> NO | M35: =IFERROR(INDEX('Output Utente'!$U$2:$U$492,MATCH(32,'Output Utente'!$Q$2:$Q$492,0)),"") -> Attenzione | N35: =IFERROR(INDEX('Output Utente'!$AE$2:$AE$492,MATCH(32,'Output Utente'!$Q$2:$Q$492,0)),"") -> 🔴 Non aspettare
A36: 33 | B36: =IFERROR(INDEX('Output Utente'!$A$2:$A$492,MATCH(33,'Output Utente'!$Q$2:$Q$492,0)),"") -> 6572 | C36: =IFERROR(INDEX('Output Utente'!$B$2:$B$492,MATCH(33,'Output Utente'!$Q$2:$Q$492,0)),"") -> A | D36: =IFERROR(INDEX('Output Utente'!$C$2:$C$492,MATCH(33,'Output Utente'!$Q$2:$Q$492,0)),"") -> Castro S. | E36: =IFERROR(INDEX('Input Giocatori 2026_27'!$D$3:$D$493,MATCH($B36,'Input Giocatori 2026_27'!$A$3:$A$493,0)),"") -> Roma | F36: =IFERROR(INDEX('Output Utente'!$N$2:$N$492,MATCH(33,'Output Utente'!$Q$2:$Q$492,0)),"") -> 14 | G36: =IFERROR(INDEX('Output Utente'!$O$2:$O$492,MATCH(33,'Output Utente'!$Q$2:$Q$492,0)),"") -> 83 | H36: =IFERROR(INDEX('Output Utente'!$P$2:$P$492,MATCH(33,'Output Utente'!$Q$2:$Q$492,0)),"") -> Buono | I36: =IFERROR(INDEX('Output Utente'!$F$2:$F$492,MATCH(33,'Output Utente'!$Q$2:$Q$492,0)),"") -> 85 | J36: =IFERROR(INDEX('Output Utente'!$G$2:$G$492,MATCH(33,'Output Utente'!$Q$2:$Q$492,0)),"") -> 53 | K36: =IFERROR(INDEX('Output Utente'!$H$2:$H$492,MATCH(33,'Output Utente'!$Q$2:$Q$492,0)),"") -> 98 | L36: =IFERROR(INDEX('Output Utente'!$E$2:$E$492,MATCH(33,'Output Utente'!$Q$2:$Q$492,0)),"") -> NO | M36: =IFERROR(INDEX('Output Utente'!$U$2:$U$492,MATCH(33,'Output Utente'!$Q$2:$Q$492,0)),"") -> Attenzione | N36: =IFERROR(INDEX('Output Utente'!$AE$2:$AE$492,MATCH(33,'Output Utente'!$Q$2:$Q$492,0)),"") -> 🔴 Non aspettare
A37: 34 | B37: =IFERROR(INDEX('Output Utente'!$A$2:$A$492,MATCH(34,'Output Utente'!$Q$2:$Q$492,0)),"") -> 1870 | C37: =IFERROR(INDEX('Output Utente'!$B$2:$B$492,MATCH(34,'Output Utente'!$Q$2:$Q$492,0)),"") -> C | D37: =IFERROR(INDEX('Output Utente'!$C$2:$C$492,MATCH(34,'Output Utente'!$Q$2:$Q$492,0)),"") -> Barella | E37: =IFERROR(INDEX('Input Giocatori 2026_27'!$D$3:$D$493,MATCH($B37,'Input Giocatori 2026_27'!$A$3:$A$493,0)),"") -> Inter | F37: =IFERROR(INDEX('Output Utente'!$N$2:$N$492,MATCH(34,'Output Utente'!$Q$2:$Q$492,0)),"") -> 17 | G37: =IFERROR(INDEX('Output Utente'!$O$2:$O$492,MATCH(34,'Output Utente'!$Q$2:$Q$492,0)),"") -> 82 | H37: =IFERROR(INDEX('Output Utente'!$P$2:$P$492,MATCH(34,'Output Utente'!$Q$2:$Q$492,0)),"") -> Top | I37: =IFERROR(INDEX('Output Utente'!$F$2:$F$492,MATCH(34,'Output Utente'!$Q$2:$Q$492,0)),"") -> 55 | J37: =IFERROR(INDEX('Output Utente'!$G$2:$G$492,MATCH(34,'Output Utente'!$Q$2:$Q$492,0)),"") -> 37 | K37: =IFERROR(INDEX('Output Utente'!$H$2:$H$492,MATCH(34,'Output Utente'!$Q$2:$Q$492,0)),"") -> 62 | L37: =IFERROR(INDEX('Output Utente'!$E$2:$E$492,MATCH(34,'Output Utente'!$Q$2:$Q$492,0)),"") -> NO | M37: =IFERROR(INDEX('Output Utente'!$U$2:$U$492,MATCH(34,'Output Utente'!$Q$2:$Q$492,0)),"") -> OK | N37: =IFERROR(INDEX('Output Utente'!$AE$2:$AE$492,MATCH(34,'Output Utente'!$Q$2:$Q$492,0)),"") -> 🟡 Attesa rischiosa
A38: 35 | B38: =IFERROR(INDEX('Output Utente'!$A$2:$A$492,MATCH(35,'Output Utente'!$Q$2:$Q$492,0)),"") -> 2061 | C38: =IFERROR(INDEX('Output Utente'!$B$2:$B$492,MATCH(35,'Output Utente'!$Q$2:$Q$492,0)),"") -> A | D38: =IFERROR(INDEX('Output Utente'!$C$2:$C$492,MATCH(35,'Output Utente'!$Q$2:$Q$492,0)),"") -> Simeone | E38: =IFERROR(INDEX('Input Giocatori 2026_27'!$D$3:$D$493,MATCH($B38,'Input Giocatori 2026_27'!$A$3:$A$493,0)),"") -> Torino | F38: =IFERROR(INDEX('Output Utente'!$N$2:$N$492,MATCH(35,'Output Utente'!$Q$2:$Q$492,0)),"") -> 15 | G38: =IFERROR(INDEX('Output Utente'!$O$2:$O$492,MATCH(35,'Output Utente'!$Q$2:$Q$492,0)),"") -> 82 | H38: =IFERROR(INDEX('Output Utente'!$P$2:$P$492,MATCH(35,'Output Utente'!$Q$2:$Q$492,0)),"") -> Buono | I38: =IFERROR(INDEX('Output Utente'!$F$2:$F$492,MATCH(35,'Output Utente'!$Q$2:$Q$492,0)),"") -> 85 | J38: =IFERROR(INDEX('Output Utente'!$G$2:$G$492,MATCH(35,'Output Utente'!$Q$2:$Q$492,0)),"") -> 53 | K38: =IFERROR(INDEX('Output Utente'!$H$2:$H$492,MATCH(35,'Output Utente'!$Q$2:$Q$492,0)),"") -> 99 | L38: =IFERROR(INDEX('Output Utente'!$E$2:$E$492,MATCH(35,'Output Utente'!$Q$2:$Q$492,0)),"") -> NO | M38: =IFERROR(INDEX('Output Utente'!$U$2:$U$492,MATCH(35,'Output Utente'!$Q$2:$Q$492,0)),"") -> Attenzione | N38: =IFERROR(INDEX('Output Utente'!$AE$2:$AE$492,MATCH(35,'Output Utente'!$Q$2:$Q$492,0)),"") -> 🔴 Non aspettare
A39: 36 | B39: =IFERROR(INDEX('Output Utente'!$A$2:$A$492,MATCH(36,'Output Utente'!$Q$2:$Q$492,0)),"") -> 7023 | C39: =IFERROR(INDEX('Output Utente'!$B$2:$B$492,MATCH(36,'Output Utente'!$Q$2:$Q$492,0)),"") -> A | D39: =IFERROR(INDEX('Output Utente'!$C$2:$C$492,MATCH(36,'Output Utente'!$Q$2:$Q$492,0)),"") -> Pellegrino M. | E39: =IFERROR(INDEX('Input Giocatori 2026_27'!$D$3:$D$493,MATCH($B39,'Input Giocatori 2026_27'!$A$3:$A$493,0)),"") -> Parma | F39: =IFERROR(INDEX('Output Utente'!$N$2:$N$492,MATCH(36,'Output Utente'!$Q$2:$Q$492,0)),"") -> 15 | G39: =IFERROR(INDEX('Output Utente'!$O$2:$O$492,MATCH(36,'Output Utente'!$Q$2:$Q$492,0)),"") -> 81 | H39: =IFERROR(INDEX('Output Utente'!$P$2:$P$492,MATCH(36,'Output Utente'!$Q$2:$Q$492,0)),"") -> Buono | I39: =IFERROR(INDEX('Output Utente'!$F$2:$F$492,MATCH(36,'Output Utente'!$Q$2:$Q$492,0)),"") -> 83 | J39: =IFERROR(INDEX('Output Utente'!$G$2:$G$492,MATCH(36,'Output Utente'!$Q$2:$Q$492,0)),"") -> 52 | K39: =IFERROR(INDEX('Output Utente'!$H$2:$H$492,MATCH(36,'Output Utente'!$Q$2:$Q$492,0)),"") -> 96 | L39: =IFERROR(INDEX('Output Utente'!$E$2:$E$492,MATCH(36,'Output Utente'!$Q$2:$Q$492,0)),"") -> NO | M39: =IFERROR(INDEX('Output Utente'!$U$2:$U$492,MATCH(36,'Output Utente'!$Q$2:$Q$492,0)),"") -> Attenzione | N39: =IFERROR(INDEX('Output Utente'!$AE$2:$AE$492,MATCH(36,'Output Utente'!$Q$2:$Q$492,0)),"") -> 🔴 Non aspettare
A40: 37 | B40: =IFERROR(INDEX('Output Utente'!$A$2:$A$492,MATCH(37,'Output Utente'!$Q$2:$Q$492,0)),"") -> 5687 | C40: =IFERROR(INDEX('Output Utente'!$B$2:$B$492,MATCH(37,'Output Utente'!$Q$2:$Q$492,0)),"") -> C | D40: =IFERROR(INDEX('Output Utente'!$C$2:$C$492,MATCH(37,'Output Utente'!$Q$2:$Q$492,0)),"") -> Vlasic | E40: =IFERROR(INDEX('Input Giocatori 2026_27'!$D$3:$D$493,MATCH($B40,'Input Giocatori 2026_27'!$A$3:$A$493,0)),"") -> Torino | F40: =IFERROR(INDEX('Output Utente'!$N$2:$N$492,MATCH(37,'Output Utente'!$Q$2:$Q$492,0)),"") -> 14 | G40: =IFERROR(INDEX('Output Utente'!$O$2:$O$492,MATCH(37,'Output Utente'!$Q$2:$Q$492,0)),"") -> 80 | H40: =IFERROR(INDEX('Output Utente'!$P$2:$P$492,MATCH(37,'Output Utente'!$Q$2:$Q$492,0)),"") -> Top | I40: =IFERROR(INDEX('Output Utente'!$F$2:$F$492,MATCH(37,'Output Utente'!$Q$2:$Q$492,0)),"") -> 54 | J40: =IFERROR(INDEX('Output Utente'!$G$2:$G$492,MATCH(37,'Output Utente'!$Q$2:$Q$492,0)),"") -> 36 | K40: =IFERROR(INDEX('Output Utente'!$H$2:$H$492,MATCH(37,'Output Utente'!$Q$2:$Q$492,0)),"") -> 61 | L40: =IFERROR(INDEX('Output Utente'!$E$2:$E$492,MATCH(37,'Output Utente'!$Q$2:$Q$492,0)),"") -> NO | M40: =IFERROR(INDEX('Output Utente'!$U$2:$U$492,MATCH(37,'Output Utente'!$Q$2:$Q$492,0)),"") -> OK | N40: =IFERROR(INDEX('Output Utente'!$AE$2:$AE$492,MATCH(37,'Output Utente'!$Q$2:$Q$492,0)),"") -> 🟡 Attesa rischiosa
A41: 38 | B41: =IFERROR(INDEX('Output Utente'!$A$2:$A$492,MATCH(38,'Output Utente'!$Q$2:$Q$492,0)),"") -> 4973 | C41: =IFERROR(INDEX('Output Utente'!$B$2:$B$492,MATCH(38,'Output Utente'!$Q$2:$Q$492,0)),"") -> C | D41: =IFERROR(INDEX('Output Utente'!$C$2:$C$492,MATCH(38,'Output Utente'!$Q$2:$Q$492,0)),"") -> McKennie | E41: =IFERROR(INDEX('Input Giocatori 2026_27'!$D$3:$D$493,MATCH($B41,'Input Giocatori 2026_27'!$A$3:$A$493,0)),"") -> Juventus | F41: =IFERROR(INDEX('Output Utente'!$N$2:$N$492,MATCH(38,'Output Utente'!$Q$2:$Q$492,0)),"") -> 17 | G41: =IFERROR(INDEX('Output Utente'!$O$2:$O$492,MATCH(38,'Output Utente'!$Q$2:$Q$492,0)),"") -> 68 | H41: =IFERROR(INDEX('Output Utente'!$P$2:$P$492,MATCH(38,'Output Utente'!$Q$2:$Q$492,0)),"") -> Top | I41: =IFERROR(INDEX('Output Utente'!$F$2:$F$492,MATCH(38,'Output Utente'!$Q$2:$Q$492,0)),"") -> 46 | J41: =IFERROR(INDEX('Output Utente'!$G$2:$G$492,MATCH(38,'Output Utente'!$Q$2:$Q$492,0)),"") -> 31 | K41: =IFERROR(INDEX('Output Utente'!$H$2:$H$492,MATCH(38,'Output Utente'!$Q$2:$Q$492,0)),"") -> 52 | L41: =IFERROR(INDEX('Output Utente'!$E$2:$E$492,MATCH(38,'Output Utente'!$Q$2:$Q$492,0)),"") -> NO | M41: =IFERROR(INDEX('Output Utente'!$U$2:$U$492,MATCH(38,'Output Utente'!$Q$2:$Q$492,0)),"") -> OK | N41: =IFERROR(INDEX('Output Utente'!$AE$2:$AE$492,MATCH(38,'Output Utente'!$Q$2:$Q$492,0)),"") -> 🟡 Attesa rischiosa
A42: 39 | B42: =IFERROR(INDEX('Output Utente'!$A$2:$A$492,MATCH(39,'Output Utente'!$Q$2:$Q$492,0)),"") -> 309 | C42: =IFERROR(INDEX('Output Utente'!$B$2:$B$492,MATCH(39,'Output Utente'!$Q$2:$Q$492,0)),"") -> A | D42: =IFERROR(INDEX('Output Utente'!$C$2:$C$492,MATCH(39,'Output Utente'!$Q$2:$Q$492,0)),"") -> Dybala | E42: =IFERROR(INDEX('Input Giocatori 2026_27'!$D$3:$D$493,MATCH($B42,'Input Giocatori 2026_27'!$A$3:$A$493,0)),"") -> Roma | F42: =IFERROR(INDEX('Output Utente'!$N$2:$N$492,MATCH(39,'Output Utente'!$Q$2:$Q$492,0)),"") -> 14 | G42: =IFERROR(INDEX('Output Utente'!$O$2:$O$492,MATCH(39,'Output Utente'!$Q$2:$Q$492,0)),"") -> 67 | H42: =IFERROR(INDEX('Output Utente'!$P$2:$P$492,MATCH(39,'Output Utente'!$Q$2:$Q$492,0)),"") -> Buono | I42: =IFERROR(INDEX('Output Utente'!$F$2:$F$492,MATCH(39,'Output Utente'!$Q$2:$Q$492,0)),"") -> 69 | J42: =IFERROR(INDEX('Output Utente'!$G$2:$G$492,MATCH(39,'Output Utente'!$Q$2:$Q$492,0)),"") -> 43 | K42: =IFERROR(INDEX('Output Utente'!$H$2:$H$492,MATCH(39,'Output Utente'!$Q$2:$Q$492,0)),"") -> 80 | L42: =IFERROR(INDEX('Output Utente'!$E$2:$E$492,MATCH(39,'Output Utente'!$Q$2:$Q$492,0)),"") -> NO | M42: =IFERROR(INDEX('Output Utente'!$U$2:$U$492,MATCH(39,'Output Utente'!$Q$2:$Q$492,0)),"") -> Attenzione | N42: =IFERROR(INDEX('Output Utente'!$AE$2:$AE$492,MATCH(39,'Output Utente'!$Q$2:$Q$492,0)),"") -> 🔴 Non aspettare
A43: 40 | B43: =IFERROR(INDEX('Output Utente'!$A$2:$A$492,MATCH(40,'Output Utente'!$Q$2:$Q$492,0)),"") -> 5841 | C43: =IFERROR(INDEX('Output Utente'!$B$2:$B$492,MATCH(40,'Output Utente'!$Q$2:$Q$492,0)),"") -> P | D43: =IFERROR(INDEX('Output Utente'!$C$2:$C$492,MATCH(40,'Output Utente'!$Q$2:$Q$492,0)),"") -> Svilar | E43: =IFERROR(INDEX('Input Giocatori 2026_27'!$D$3:$D$493,MATCH($B43,'Input Giocatori 2026_27'!$A$3:$A$493,0)),"") -> Roma | F43: =IFERROR(INDEX('Output Utente'!$N$2:$N$492,MATCH(40,'Output Utente'!$Q$2:$Q$492,0)),"") -> 18 | G43: =IFERROR(INDEX('Output Utente'!$O$2:$O$492,MATCH(40,'Output Utente'!$Q$2:$Q$492,0)),"") -> 65 | H43: =IFERROR(INDEX('Output Utente'!$P$2:$P$492,MATCH(40,'Output Utente'!$Q$2:$Q$492,0)),"") -> Top | I43: =IFERROR(INDEX('Output Utente'!$F$2:$F$492,MATCH(40,'Output Utente'!$Q$2:$Q$492,0)),"") -> 110 | J43: =IFERROR(INDEX('Output Utente'!$G$2:$G$492,MATCH(40,'Output Utente'!$Q$2:$Q$492,0)),"") -> 88 | K43: =IFERROR(INDEX('Output Utente'!$H$2:$H$492,MATCH(40,'Output Utente'!$Q$2:$Q$492,0)),"") -> 119 | L43: =IFERROR(INDEX('Output Utente'!$E$2:$E$492,MATCH(40,'Output Utente'!$Q$2:$Q$492,0)),"") -> NO | M43: =IFERROR(INDEX('Output Utente'!$U$2:$U$492,MATCH(40,'Output Utente'!$Q$2:$Q$492,0)),"") -> Attenzione | N43: =IFERROR(INDEX('Output Utente'!$AE$2:$AE$492,MATCH(40,'Output Utente'!$Q$2:$Q$492,0)),"") -> 🟡 Attesa rischiosa
A44: 41 | B44: =IFERROR(INDEX('Output Utente'!$A$2:$A$492,MATCH(41,'Output Utente'!$Q$2:$Q$492,0)),"") -> 7314 | C44: =IFERROR(INDEX('Output Utente'!$B$2:$B$492,MATCH(41,'Output Utente'!$Q$2:$Q$492,0)),"") -> C | D44: =IFERROR(INDEX('Output Utente'!$C$2:$C$492,MATCH(41,'Output Utente'!$Q$2:$Q$492,0)),"") -> Taylor K. | E44: =IFERROR(INDEX('Input Giocatori 2026_27'!$D$3:$D$493,MATCH($B44,'Input Giocatori 2026_27'!$A$3:$A$493,0)),"") -> Lazio | F44: =IFERROR(INDEX('Output Utente'!$N$2:$N$492,MATCH(41,'Output Utente'!$Q$2:$Q$492,0)),"") -> 13 | G44: =IFERROR(INDEX('Output Utente'!$O$2:$O$492,MATCH(41,'Output Utente'!$Q$2:$Q$492,0)),"") -> 64 | H44: =IFERROR(INDEX('Output Utente'!$P$2:$P$492,MATCH(41,'Output Utente'!$Q$2:$Q$492,0)),"") -> Top | I44: =IFERROR(INDEX('Output Utente'!$F$2:$F$492,MATCH(41,'Output Utente'!$Q$2:$Q$492,0)),"") -> 42 | J44: =IFERROR(INDEX('Output Utente'!$G$2:$G$492,MATCH(41,'Output Utente'!$Q$2:$Q$492,0)),"") -> 29 | K44: =IFERROR(INDEX('Output Utente'!$H$2:$H$492,MATCH(41,'Output Utente'!$Q$2:$Q$492,0)),"") -> 48 | L44: =IFERROR(INDEX('Output Utente'!$E$2:$E$492,MATCH(41,'Output Utente'!$Q$2:$Q$492,0)),"") -> NO | M44: =IFERROR(INDEX('Output Utente'!$U$2:$U$492,MATCH(41,'Output Utente'!$Q$2:$Q$492,0)),"") -> OK | N44: =IFERROR(INDEX('Output Utente'!$AE$2:$AE$492,MATCH(41,'Output Utente'!$Q$2:$Q$492,0)),"") -> 🟡 Attesa rischiosa
A45: 42 | B45: =IFERROR(INDEX('Output Utente'!$A$2:$A$492,MATCH(42,'Output Utente'!$Q$2:$Q$492,0)),"") -> 5116 | C45: =IFERROR(INDEX('Output Utente'!$B$2:$B$492,MATCH(42,'Output Utente'!$Q$2:$Q$492,0)),"") -> P | D45: =IFERROR(INDEX('Output Utente'!$C$2:$C$492,MATCH(42,'Output Utente'!$Q$2:$Q$492,0)),"") -> Martinez Jo. | E45: =IFERROR(INDEX('Input Giocatori 2026_27'!$D$3:$D$493,MATCH($B45,'Input Giocatori 2026_27'!$A$3:$A$493,0)),"") -> Inter | F45: =IFERROR(INDEX('Output Utente'!$N$2:$N$492,MATCH(42,'Output Utente'!$Q$2:$Q$492,0)),"") -> 17 | G45: =IFERROR(INDEX('Output Utente'!$O$2:$O$492,MATCH(42,'Output Utente'!$Q$2:$Q$492,0)),"") -> 63 | H45: =IFERROR(INDEX('Output Utente'!$P$2:$P$492,MATCH(42,'Output Utente'!$Q$2:$Q$492,0)),"") -> Top | I45: =IFERROR(INDEX('Output Utente'!$F$2:$F$492,MATCH(42,'Output Utente'!$Q$2:$Q$492,0)),"") -> 105 | J45: =IFERROR(INDEX('Output Utente'!$G$2:$G$492,MATCH(42,'Output Utente'!$Q$2:$Q$492,0)),"") -> 84 | K45: =IFERROR(INDEX('Output Utente'!$H$2:$H$492,MATCH(42,'Output Utente'!$Q$2:$Q$492,0)),"") -> 114 | L45: =IFERROR(INDEX('Output Utente'!$E$2:$E$492,MATCH(42,'Output Utente'!$Q$2:$Q$492,0)),"") -> NO | M45: =IFERROR(INDEX('Output Utente'!$U$2:$U$492,MATCH(42,'Output Utente'!$Q$2:$Q$492,0)),"") -> Attenzione | N45: =IFERROR(INDEX('Output Utente'!$AE$2:$AE$492,MATCH(42,'Output Utente'!$Q$2:$Q$492,0)),"") -> 🟡 Attesa rischiosa
A46: 43 | B46: =IFERROR(INDEX('Output Utente'!$A$2:$A$492,MATCH(43,'Output Utente'!$Q$2:$Q$492,0)),"") -> 4923 | C46: =IFERROR(INDEX('Output Utente'!$B$2:$B$492,MATCH(43,'Output Utente'!$Q$2:$Q$492,0)),"") -> A | D46: =IFERROR(INDEX('Output Utente'!$C$2:$C$492,MATCH(43,'Output Utente'!$Q$2:$Q$492,0)),"") -> Colombo | E46: =IFERROR(INDEX('Input Giocatori 2026_27'!$D$3:$D$493,MATCH($B46,'Input Giocatori 2026_27'!$A$3:$A$493,0)),"") -> Genoa | F46: =IFERROR(INDEX('Output Utente'!$N$2:$N$492,MATCH(43,'Output Utente'!$Q$2:$Q$492,0)),"") -> 11 | G46: =IFERROR(INDEX('Output Utente'!$O$2:$O$492,MATCH(43,'Output Utente'!$Q$2:$Q$492,0)),"") -> 63 | H46: =IFERROR(INDEX('Output Utente'!$P$2:$P$492,MATCH(43,'Output Utente'!$Q$2:$Q$492,0)),"") -> Buono | I46: =IFERROR(INDEX('Output Utente'!$F$2:$F$492,MATCH(43,'Output Utente'!$Q$2:$Q$492,0)),"") -> 64 | J46: =IFERROR(INDEX('Output Utente'!$G$2:$G$492,MATCH(43,'Output Utente'!$Q$2:$Q$492,0)),"") -> 40 | K46: =IFERROR(INDEX('Output Utente'!$H$2:$H$492,MATCH(43,'Output Utente'!$Q$2:$Q$492,0)),"") -> 74 | L46: =IFERROR(INDEX('Output Utente'!$E$2:$E$492,MATCH(43,'Output Utente'!$Q$2:$Q$492,0)),"") -> NO | M46: =IFERROR(INDEX('Output Utente'!$U$2:$U$492,MATCH(43,'Output Utente'!$Q$2:$Q$492,0)),"") -> Attenzione | N46: =IFERROR(INDEX('Output Utente'!$AE$2:$AE$492,MATCH(43,'Output Utente'!$Q$2:$Q$492,0)),"") -> 🔴 Non aspettare
A47: 44 | B47: =IFERROR(INDEX('Output Utente'!$A$2:$A$492,MATCH(44,'Output Utente'!$Q$2:$Q$492,0)),"") -> 4371 | C47: =IFERROR(INDEX('Output Utente'!$B$2:$B$492,MATCH(44,'Output Utente'!$Q$2:$Q$492,0)),"") -> A | D47: =IFERROR(INDEX('Output Utente'!$C$2:$C$492,MATCH(44,'Output Utente'!$Q$2:$Q$492,0)),"") -> Raspadori | E47: =IFERROR(INDEX('Input Giocatori 2026_27'!$D$3:$D$493,MATCH($B47,'Input Giocatori 2026_27'!$A$3:$A$493,0)),"") -> Atalanta | F47: =IFERROR(INDEX('Output Utente'!$N$2:$N$492,MATCH(44,'Output Utente'!$Q$2:$Q$492,0)),"") -> 13 | G47: =IFERROR(INDEX('Output Utente'!$O$2:$O$492,MATCH(44,'Output Utente'!$Q$2:$Q$492,0)),"") -> 62 | H47: =IFERROR(INDEX('Output Utente'!$P$2:$P$492,MATCH(44,'Output Utente'!$Q$2:$Q$492,0)),"") -> Buono | I47: =IFERROR(INDEX('Output Utente'!$F$2:$F$492,MATCH(44,'Output Utente'!$Q$2:$Q$492,0)),"") -> 64 | J47: =IFERROR(INDEX('Output Utente'!$G$2:$G$492,MATCH(44,'Output Utente'!$Q$2:$Q$492,0)),"") -> 40 | K47: =IFERROR(INDEX('Output Utente'!$H$2:$H$492,MATCH(44,'Output Utente'!$Q$2:$Q$492,0)),"") -> 74 | L47: =IFERROR(INDEX('Output Utente'!$E$2:$E$492,MATCH(44,'Output Utente'!$Q$2:$Q$492,0)),"") -> NO | M47: =IFERROR(INDEX('Output Utente'!$U$2:$U$492,MATCH(44,'Output Utente'!$Q$2:$Q$492,0)),"") -> Attenzione | N47: =IFERROR(INDEX('Output Utente'!$AE$2:$AE$492,MATCH(44,'Output Utente'!$Q$2:$Q$492,0)),"") -> 🔴 Non aspettare
A48: 45 | B48: =IFERROR(INDEX('Output Utente'!$A$2:$A$492,MATCH(45,'Output Utente'!$Q$2:$Q$492,0)),"") -> 5800 | C48: =IFERROR(INDEX('Output Utente'!$B$2:$B$492,MATCH(45,'Output Utente'!$Q$2:$Q$492,0)),"") -> C | D48: =IFERROR(INDEX('Output Utente'!$C$2:$C$492,MATCH(45,'Output Utente'!$Q$2:$Q$492,0)),"") -> Gudmundsson A. | E48: =IFERROR(INDEX('Input Giocatori 2026_27'!$D$3:$D$493,MATCH($B48,'Input Giocatori 2026_27'!$A$3:$A$493,0)),"") -> Fiorentina | F48: =IFERROR(INDEX('Output Utente'!$N$2:$N$492,MATCH(45,'Output Utente'!$Q$2:$Q$492,0)),"") -> 13 | G48: =IFERROR(INDEX('Output Utente'!$O$2:$O$492,MATCH(45,'Output Utente'!$Q$2:$Q$492,0)),"") -> 61 | H48: =IFERROR(INDEX('Output Utente'!$P$2:$P$492,MATCH(45,'Output Utente'!$Q$2:$Q$492,0)),"") -> Top | I48: =IFERROR(INDEX('Output Utente'!$F$2:$F$492,MATCH(45,'Output Utente'!$Q$2:$Q$492,0)),"") -> 41 | J48: =IFERROR(INDEX('Output Utente'!$G$2:$G$492,MATCH(45,'Output Utente'!$Q$2:$Q$492,0)),"") -> 28 | K48: =IFERROR(INDEX('Output Utente'!$H$2:$H$492,MATCH(45,'Output Utente'!$Q$2:$Q$492,0)),"") -> 46 | L48: =IFERROR(INDEX('Output Utente'!$E$2:$E$492,MATCH(45,'Output Utente'!$Q$2:$Q$492,0)),"") -> NO | M48: =IFERROR(INDEX('Output Utente'!$U$2:$U$492,MATCH(45,'Output Utente'!$Q$2:$Q$492,0)),"") -> OK | N48: =IFERROR(INDEX('Output Utente'!$AE$2:$AE$492,MATCH(45,'Output Utente'!$Q$2:$Q$492,0)),"") -> 🟡 Attesa rischiosa
A49: 46 | B49: =IFERROR(INDEX('Output Utente'!$A$2:$A$492,MATCH(46,'Output Utente'!$Q$2:$Q$492,0)),"") -> 6884 | C49: =IFERROR(INDEX('Output Utente'!$B$2:$B$492,MATCH(46,'Output Utente'!$Q$2:$Q$492,0)),"") -> C | D49: =IFERROR(INDEX('Output Utente'!$C$2:$C$492,MATCH(46,'Output Utente'!$Q$2:$Q$492,0)),"") -> Conceicao | E49: =IFERROR(INDEX('Input Giocatori 2026_27'!$D$3:$D$493,MATCH($B49,'Input Giocatori 2026_27'!$A$3:$A$493,0)),"") -> Juventus | F49: =IFERROR(INDEX('Output Utente'!$N$2:$N$492,MATCH(46,'Output Utente'!$Q$2:$Q$492,0)),"") -> 12 | G49: =IFERROR(INDEX('Output Utente'!$O$2:$O$492,MATCH(46,'Output Utente'!$Q$2:$Q$492,0)),"") -> 60 | H49: =IFERROR(INDEX('Output Utente'!$P$2:$P$492,MATCH(46,'Output Utente'!$Q$2:$Q$492,0)),"") -> Top | I49: =IFERROR(INDEX('Output Utente'!$F$2:$F$492,MATCH(46,'Output Utente'!$Q$2:$Q$492,0)),"") -> 40 | J49: =IFERROR(INDEX('Output Utente'!$G$2:$G$492,MATCH(46,'Output Utente'!$Q$2:$Q$492,0)),"") -> 27 | K49: =IFERROR(INDEX('Output Utente'!$H$2:$H$492,MATCH(46,'Output Utente'!$Q$2:$Q$492,0)),"") -> 46 | L49: =IFERROR(INDEX('Output Utente'!$E$2:$E$492,MATCH(46,'Output Utente'!$Q$2:$Q$492,0)),"") -> NO | M49: =IFERROR(INDEX('Output Utente'!$U$2:$U$492,MATCH(46,'Output Utente'!$Q$2:$Q$492,0)),"") -> OK | N49: =IFERROR(INDEX('Output Utente'!$AE$2:$AE$492,MATCH(46,'Output Utente'!$Q$2:$Q$492,0)),"") -> 🟡 Attesa rischiosa
A50: 47 | B50: =IFERROR(INDEX('Output Utente'!$A$2:$A$492,MATCH(47,'Output Utente'!$Q$2:$Q$492,0)),"") -> 7351 | C50: =IFERROR(INDEX('Output Utente'!$B$2:$B$492,MATCH(47,'Output Utente'!$Q$2:$Q$492,0)),"") -> A | D50: =IFERROR(INDEX('Output Utente'!$C$2:$C$492,MATCH(47,'Output Utente'!$Q$2:$Q$492,0)),"") -> Santos A. | E50: =IFERROR(INDEX('Input Giocatori 2026_27'!$D$3:$D$493,MATCH($B50,'Input Giocatori 2026_27'!$A$3:$A$493,0)),"") -> Napoli | F50: =IFERROR(INDEX('Output Utente'!$N$2:$N$492,MATCH(47,'Output Utente'!$Q$2:$Q$492,0)),"") -> 14 | G50: =IFERROR(INDEX('Output Utente'!$O$2:$O$492,MATCH(47,'Output Utente'!$Q$2:$Q$492,0)),"") -> 60 | H50: =IFERROR(INDEX('Output Utente'!$P$2:$P$492,MATCH(47,'Output Utente'!$Q$2:$Q$492,0)),"") -> Buono | I50: =IFERROR(INDEX('Output Utente'!$F$2:$F$492,MATCH(47,'Output Utente'!$Q$2:$Q$492,0)),"") -> 20 | J50: =IFERROR(INDEX('Output Utente'!$G$2:$G$492,MATCH(47,'Output Utente'!$Q$2:$Q$492,0)),"") -> 12 | K50: =IFERROR(INDEX('Output Utente'!$H$2:$H$492,MATCH(47,'Output Utente'!$Q$2:$Q$492,0)),"") -> 23 | L50: =IFERROR(INDEX('Output Utente'!$E$2:$E$492,MATCH(47,'Output Utente'!$Q$2:$Q$492,0)),"") -> NO | M50: =IFERROR(INDEX('Output Utente'!$U$2:$U$492,MATCH(47,'Output Utente'!$Q$2:$Q$492,0)),"") -> OK | N50: =IFERROR(INDEX('Output Utente'!$AE$2:$AE$492,MATCH(47,'Output Utente'!$Q$2:$Q$492,0)),"") -> 🔴 Non aspettare
A51: 48 | B51: =IFERROR(INDEX('Output Utente'!$A$2:$A$492,MATCH(48,'Output Utente'!$Q$2:$Q$492,0)),"") -> 2038 | C51: =IFERROR(INDEX('Output Utente'!$B$2:$B$492,MATCH(48,'Output Utente'!$Q$2:$Q$492,0)),"") -> A | D51: =IFERROR(INDEX('Output Utente'!$C$2:$C$492,MATCH(48,'Output Utente'!$Q$2:$Q$492,0)),"") -> Pinamonti | E51: =IFERROR(INDEX('Input Giocatori 2026_27'!$D$3:$D$493,MATCH($B51,'Input Giocatori 2026_27'!$A$3:$A$493,0)),"") -> Sassuolo | F51: =IFERROR(INDEX('Output Utente'!$N$2:$N$492,MATCH(48,'Output Utente'!$Q$2:$Q$492,0)),"") -> 13 | G51: =IFERROR(INDEX('Output Utente'!$O$2:$O$492,MATCH(48,'Output Utente'!$Q$2:$Q$492,0)),"") -> 58 | H51: =IFERROR(INDEX('Output Utente'!$P$2:$P$492,MATCH(48,'Output Utente'!$Q$2:$Q$492,0)),"") -> Buono | I51: =IFERROR(INDEX('Output Utente'!$F$2:$F$492,MATCH(48,'Output Utente'!$Q$2:$Q$492,0)),"") -> 19 | J51: =IFERROR(INDEX('Output Utente'!$G$2:$G$492,MATCH(48,'Output Utente'!$Q$2:$Q$492,0)),"") -> 12 | K51: =IFERROR(INDEX('Output Utente'!$H$2:$H$492,MATCH(48,'Output Utente'!$Q$2:$Q$492,0)),"") -> 22 | L51: =IFERROR(INDEX('Output Utente'!$E$2:$E$492,MATCH(48,'Output Utente'!$Q$2:$Q$492,0)),"") -> NO | M51: =IFERROR(INDEX('Output Utente'!$U$2:$U$492,MATCH(48,'Output Utente'!$Q$2:$Q$492,0)),"") -> OK | N51: =IFERROR(INDEX('Output Utente'!$AE$2:$AE$492,MATCH(48,'Output Utente'!$Q$2:$Q$492,0)),"") -> 🔴 Non aspettare
A52: 49 | B52: =IFERROR(INDEX('Output Utente'!$A$2:$A$492,MATCH(49,'Output Utente'!$Q$2:$Q$492,0)),"") -> 7436 | C52: =IFERROR(INDEX('Output Utente'!$B$2:$B$492,MATCH(49,'Output Utente'!$Q$2:$Q$492,0)),"") -> C | D52: =IFERROR(INDEX('Output Utente'!$C$2:$C$492,MATCH(49,'Output Utente'!$Q$2:$Q$492,0)),"") -> Alajbegovic | E52: =IFERROR(INDEX('Input Giocatori 2026_27'!$D$3:$D$493,MATCH($B52,'Input Giocatori 2026_27'!$A$3:$A$493,0)),"") -> Juventus | F52: =IFERROR(INDEX('Output Utente'!$N$2:$N$492,MATCH(49,'Output Utente'!$Q$2:$Q$492,0)),"") -> 12 | G52: =IFERROR(INDEX('Output Utente'!$O$2:$O$492,MATCH(49,'Output Utente'!$Q$2:$Q$492,0)),"") -> 57 | H52: =IFERROR(INDEX('Output Utente'!$P$2:$P$492,MATCH(49,'Output Utente'!$Q$2:$Q$492,0)),"") -> Top | I52: =IFERROR(INDEX('Output Utente'!$F$2:$F$492,MATCH(49,'Output Utente'!$Q$2:$Q$492,0)),"") -> 38 | J52: =IFERROR(INDEX('Output Utente'!$G$2:$G$492,MATCH(49,'Output Utente'!$Q$2:$Q$492,0)),"") -> 26 | K52: =IFERROR(INDEX('Output Utente'!$H$2:$H$492,MATCH(49,'Output Utente'!$Q$2:$Q$492,0)),"") -> 43 | L52: =IFERROR(INDEX('Output Utente'!$E$2:$E$492,MATCH(49,'Output Utente'!$Q$2:$Q$492,0)),"") -> NO | M52: =IFERROR(INDEX('Output Utente'!$U$2:$U$492,MATCH(49,'Output Utente'!$Q$2:$Q$492,0)),"") -> OK | N52: =IFERROR(INDEX('Output Utente'!$AE$2:$AE$492,MATCH(49,'Output Utente'!$Q$2:$Q$492,0)),"") -> 🟡 Attesa rischiosa
A53: 50 | B53: =IFERROR(INDEX('Output Utente'!$A$2:$A$492,MATCH(50,'Output Utente'!$Q$2:$Q$492,0)),"") -> 6966 | C53: =IFERROR(INDEX('Output Utente'!$B$2:$B$492,MATCH(50,'Output Utente'!$Q$2:$Q$492,0)),"") -> P | D53: =IFERROR(INDEX('Output Utente'!$C$2:$C$492,MATCH(50,'Output Utente'!$Q$2:$Q$492,0)),"") -> Butez | E53: =IFERROR(INDEX('Input Giocatori 2026_27'!$D$3:$D$493,MATCH($B53,'Input Giocatori 2026_27'!$A$3:$A$493,0)),"") -> Como | F53: =IFERROR(INDEX('Output Utente'!$N$2:$N$492,MATCH(50,'Output Utente'!$Q$2:$Q$492,0)),"") -> 16 | G53: =IFERROR(INDEX('Output Utente'!$O$2:$O$492,MATCH(50,'Output Utente'!$Q$2:$Q$492,0)),"") -> 56 | H53: =IFERROR(INDEX('Output Utente'!$P$2:$P$492,MATCH(50,'Output Utente'!$Q$2:$Q$492,0)),"") -> Top | I53: =IFERROR(INDEX('Output Utente'!$F$2:$F$492,MATCH(50,'Output Utente'!$Q$2:$Q$492,0)),"") -> 94 | J53: =IFERROR(INDEX('Output Utente'!$G$2:$G$492,MATCH(50,'Output Utente'!$Q$2:$Q$492,0)),"") -> 76 | K53: =IFERROR(INDEX('Output Utente'!$H$2:$H$492,MATCH(50,'Output Utente'!$Q$2:$Q$492,0)),"") -> 102 | L53: =IFERROR(INDEX('Output Utente'!$E$2:$E$492,MATCH(50,'Output Utente'!$Q$2:$Q$492,0)),"") -> NO | M53: =IFERROR(INDEX('Output Utente'!$U$2:$U$492,MATCH(50,'Output Utente'!$Q$2:$Q$492,0)),"") -> Attenzione | N53: =IFERROR(INDEX('Output Utente'!$AE$2:$AE$492,MATCH(50,'Output Utente'!$Q$2:$Q$492,0)),"") -> 🟡 Attesa rischiosa
A54: 51 | B54: =IFERROR(INDEX('Output Utente'!$A$2:$A$492,MATCH(51,'Output Utente'!$Q$2:$Q$492,0)),"") -> 4159 | C54: =IFERROR(INDEX('Output Utente'!$B$2:$B$492,MATCH(51,'Output Utente'!$Q$2:$Q$492,0)),"") -> D | D54: =IFERROR(INDEX('Output Utente'!$C$2:$C$492,MATCH(51,'Output Utente'!$Q$2:$Q$492,0)),"") -> Akanji | E54: =IFERROR(INDEX('Input Giocatori 2026_27'!$D$3:$D$493,MATCH($B54,'Input Giocatori 2026_27'!$A$3:$A$493,0)),"") -> Inter | F54: =IFERROR(INDEX('Output Utente'!$N$2:$N$492,MATCH(51,'Output Utente'!$Q$2:$Q$492,0)),"") -> 16 | G54: =IFERROR(INDEX('Output Utente'!$O$2:$O$492,MATCH(51,'Output Utente'!$Q$2:$Q$492,0)),"") -> 55 | H54: =IFERROR(INDEX('Output Utente'!$P$2:$P$492,MATCH(51,'Output Utente'!$Q$2:$Q$492,0)),"") -> Top | I54: =IFERROR(INDEX('Output Utente'!$F$2:$F$492,MATCH(51,'Output Utente'!$Q$2:$Q$492,0)),"") -> 38 | J54: =IFERROR(INDEX('Output Utente'!$G$2:$G$492,MATCH(51,'Output Utente'!$Q$2:$Q$492,0)),"") -> 28 | K54: =IFERROR(INDEX('Output Utente'!$H$2:$H$492,MATCH(51,'Output Utente'!$Q$2:$Q$492,0)),"") -> 42 | L54: =IFERROR(INDEX('Output Utente'!$E$2:$E$492,MATCH(51,'Output Utente'!$Q$2:$Q$492,0)),"") -> NO | M54: =IFERROR(INDEX('Output Utente'!$U$2:$U$492,MATCH(51,'Output Utente'!$Q$2:$Q$492,0)),"") -> OK | N54: =IFERROR(INDEX('Output Utente'!$AE$2:$AE$492,MATCH(51,'Output Utente'!$Q$2:$Q$492,0)),"") -> 🟡 Attesa rischiosa
A55: 52 | B55: =IFERROR(INDEX('Output Utente'!$A$2:$A$492,MATCH(52,'Output Utente'!$Q$2:$Q$492,0)),"") -> 4220 | C55: =IFERROR(INDEX('Output Utente'!$B$2:$B$492,MATCH(52,'Output Utente'!$Q$2:$Q$492,0)),"") -> C | D55: =IFERROR(INDEX('Output Utente'!$C$2:$C$492,MATCH(52,'Output Utente'!$Q$2:$Q$492,0)),"") -> Zambo Anguissa | E55: =IFERROR(INDEX('Input Giocatori 2026_27'!$D$3:$D$493,MATCH($B55,'Input Giocatori 2026_27'!$A$3:$A$493,0)),"") -> Napoli | F55: =IFERROR(INDEX('Output Utente'!$N$2:$N$492,MATCH(52,'Output Utente'!$Q$2:$Q$492,0)),"") -> 11 | G55: =IFERROR(INDEX('Output Utente'!$O$2:$O$492,MATCH(52,'Output Utente'!$Q$2:$Q$492,0)),"") -> 55 | H55: =IFERROR(INDEX('Output Utente'!$P$2:$P$492,MATCH(52,'Output Utente'!$Q$2:$Q$492,0)),"") -> Top | I55: =IFERROR(INDEX('Output Utente'!$F$2:$F$492,MATCH(52,'Output Utente'!$Q$2:$Q$492,0)),"") -> 37 | J55: =IFERROR(INDEX('Output Utente'!$G$2:$G$492,MATCH(52,'Output Utente'!$Q$2:$Q$492,0)),"") -> 25 | K55: =IFERROR(INDEX('Output Utente'!$H$2:$H$492,MATCH(52,'Output Utente'!$Q$2:$Q$492,0)),"") -> 42 | L55: =IFERROR(INDEX('Output Utente'!$E$2:$E$492,MATCH(52,'Output Utente'!$Q$2:$Q$492,0)),"") -> NO | M55: =IFERROR(INDEX('Output Utente'!$U$2:$U$492,MATCH(52,'Output Utente'!$Q$2:$Q$492,0)),"") -> OK | N55: =IFERROR(INDEX('Output Utente'!$AE$2:$AE$492,MATCH(52,'Output Utente'!$Q$2:$Q$492,0)),"") -> 🟡 Attesa rischiosa
A56: 53 | B56: =IFERROR(INDEX('Output Utente'!$A$2:$A$492,MATCH(53,'Output Utente'!$Q$2:$Q$492,0)),"") -> 5734 | C56: =IFERROR(INDEX('Output Utente'!$B$2:$B$492,MATCH(53,'Output Utente'!$Q$2:$Q$492,0)),"") -> A | D56: =IFERROR(INDEX('Output Utente'!$C$2:$C$492,MATCH(53,'Output Utente'!$Q$2:$Q$492,0)),"") -> Soulè | E56: =IFERROR(INDEX('Input Giocatori 2026_27'!$D$3:$D$493,MATCH($B56,'Input Giocatori 2026_27'!$A$3:$A$493,0)),"") -> Roma | F56: =IFERROR(INDEX('Output Utente'!$N$2:$N$492,MATCH(53,'Output Utente'!$Q$2:$Q$492,0)),"") -> 12 | G56: =IFERROR(INDEX('Output Utente'!$O$2:$O$492,MATCH(53,'Output Utente'!$Q$2:$Q$492,0)),"") -> 55 | H56: =IFERROR(INDEX('Output Utente'!$P$2:$P$492,MATCH(53,'Output Utente'!$Q$2:$Q$492,0)),"") -> Buono | I56: =IFERROR(INDEX('Output Utente'!$F$2:$F$492,MATCH(53,'Output Utente'!$Q$2:$Q$492,0)),"") -> 18 | J56: =IFERROR(INDEX('Output Utente'!$G$2:$G$492,MATCH(53,'Output Utente'!$Q$2:$Q$492,0)),"") -> 11 | K56: =IFERROR(INDEX('Output Utente'!$H$2:$H$492,MATCH(53,'Output Utente'!$Q$2:$Q$492,0)),"") -> 21 | L56: =IFERROR(INDEX('Output Utente'!$E$2:$E$492,MATCH(53,'Output Utente'!$Q$2:$Q$492,0)),"") -> NO | M56: =IFERROR(INDEX('Output Utente'!$U$2:$U$492,MATCH(53,'Output Utente'!$Q$2:$Q$492,0)),"") -> OK | N56: =IFERROR(INDEX('Output Utente'!$AE$2:$AE$492,MATCH(53,'Output Utente'!$Q$2:$Q$492,0)),"") -> 🔴 Non aspettare
A57: 54 | B57: =IFERROR(INDEX('Output Utente'!$A$2:$A$492,MATCH(54,'Output Utente'!$Q$2:$Q$492,0)),"") -> 4431 | C57: =IFERROR(INDEX('Output Utente'!$B$2:$B$492,MATCH(54,'Output Utente'!$Q$2:$Q$492,0)),"") -> P | D57: =IFERROR(INDEX('Output Utente'!$C$2:$C$492,MATCH(54,'Output Utente'!$Q$2:$Q$492,0)),"") -> Carnesecchi | E57: =IFERROR(INDEX('Input Giocatori 2026_27'!$D$3:$D$493,MATCH($B57,'Input Giocatori 2026_27'!$A$3:$A$493,0)),"") -> Atalanta | F57: =IFERROR(INDEX('Output Utente'!$N$2:$N$492,MATCH(54,'Output Utente'!$Q$2:$Q$492,0)),"") -> 16 | G57: =IFERROR(INDEX('Output Utente'!$O$2:$O$492,MATCH(54,'Output Utente'!$Q$2:$Q$492,0)),"") -> 52 | H57: =IFERROR(INDEX('Output Utente'!$P$2:$P$492,MATCH(54,'Output Utente'!$Q$2:$Q$492,0)),"") -> Top | I57: =IFERROR(INDEX('Output Utente'!$F$2:$F$492,MATCH(54,'Output Utente'!$Q$2:$Q$492,0)),"") -> 89 | J57: =IFERROR(INDEX('Output Utente'!$G$2:$G$492,MATCH(54,'Output Utente'!$Q$2:$Q$492,0)),"") -> 71 | K57: =IFERROR(INDEX('Output Utente'!$H$2:$H$492,MATCH(54,'Output Utente'!$Q$2:$Q$492,0)),"") -> 96 | L57: =IFERROR(INDEX('Output Utente'!$E$2:$E$492,MATCH(54,'Output Utente'!$Q$2:$Q$492,0)),"") -> NO | M57: =IFERROR(INDEX('Output Utente'!$U$2:$U$492,MATCH(54,'Output Utente'!$Q$2:$Q$492,0)),"") -> Attenzione | N57: =IFERROR(INDEX('Output Utente'!$AE$2:$AE$492,MATCH(54,'Output Utente'!$Q$2:$Q$492,0)),"") -> 🟡 Attesa rischiosa
A58: 55 | B58: =IFERROR(INDEX('Output Utente'!$A$2:$A$492,MATCH(55,'Output Utente'!$Q$2:$Q$492,0)),"") -> 4728 | C58: =IFERROR(INDEX('Output Utente'!$B$2:$B$492,MATCH(55,'Output Utente'!$Q$2:$Q$492,0)),"") -> A | D58: =IFERROR(INDEX('Output Utente'!$C$2:$C$492,MATCH(55,'Output Utente'!$Q$2:$Q$492,0)),"") -> Nkunku | E58: =IFERROR(INDEX('Input Giocatori 2026_27'!$D$3:$D$493,MATCH($B58,'Input Giocatori 2026_27'!$A$3:$A$493,0)),"") -> Milan | F58: =IFERROR(INDEX('Output Utente'!$N$2:$N$492,MATCH(55,'Output Utente'!$Q$2:$Q$492,0)),"") -> 13 | G58: =IFERROR(INDEX('Output Utente'!$O$2:$O$492,MATCH(55,'Output Utente'!$Q$2:$Q$492,0)),"") -> 52 | H58: =IFERROR(INDEX('Output Utente'!$P$2:$P$492,MATCH(55,'Output Utente'!$Q$2:$Q$492,0)),"") -> Buono | I58: =IFERROR(INDEX('Output Utente'!$F$2:$F$492,MATCH(55,'Output Utente'!$Q$2:$Q$492,0)),"") -> 17 | J58: =IFERROR(INDEX('Output Utente'!$G$2:$G$492,MATCH(55,'Output Utente'!$Q$2:$Q$492,0)),"") -> 11 | K58: =IFERROR(INDEX('Output Utente'!$H$2:$H$492,MATCH(55,'Output Utente'!$Q$2:$Q$492,0)),"") -> 20 | L58: =IFERROR(INDEX('Output Utente'!$E$2:$E$492,MATCH(55,'Output Utente'!$Q$2:$Q$492,0)),"") -> NO | M58: =IFERROR(INDEX('Output Utente'!$U$2:$U$492,MATCH(55,'Output Utente'!$Q$2:$Q$492,0)),"") -> OK | N58: =IFERROR(INDEX('Output Utente'!$AE$2:$AE$492,MATCH(55,'Output Utente'!$Q$2:$Q$492,0)),"") -> 🔴 Non aspettare
A59: 56 | B59: =IFERROR(INDEX('Output Utente'!$A$2:$A$492,MATCH(56,'Output Utente'!$Q$2:$Q$492,0)),"") -> 7484 | C59: =IFERROR(INDEX('Output Utente'!$B$2:$B$492,MATCH(56,'Output Utente'!$Q$2:$Q$492,0)),"") -> A | D59: =IFERROR(INDEX('Output Utente'!$C$2:$C$492,MATCH(56,'Output Utente'!$Q$2:$Q$492,0)),"") -> Adams A. | E59: =IFERROR(INDEX('Input Giocatori 2026_27'!$D$3:$D$493,MATCH($B59,'Input Giocatori 2026_27'!$A$3:$A$493,0)),"") -> Venezia | F59: =IFERROR(INDEX('Output Utente'!$N$2:$N$492,MATCH(56,'Output Utente'!$Q$2:$Q$492,0)),"") -> 12 | G59: =IFERROR(INDEX('Output Utente'!$O$2:$O$492,MATCH(56,'Output Utente'!$Q$2:$Q$492,0)),"") -> 52 | H59: =IFERROR(INDEX('Output Utente'!$P$2:$P$492,MATCH(56,'Output Utente'!$Q$2:$Q$492,0)),"") -> Buono | I59: =IFERROR(INDEX('Output Utente'!$F$2:$F$492,MATCH(56,'Output Utente'!$Q$2:$Q$492,0)),"") -> 16 | J59: =IFERROR(INDEX('Output Utente'!$G$2:$G$492,MATCH(56,'Output Utente'!$Q$2:$Q$492,0)),"") -> 10 | K59: =IFERROR(INDEX('Output Utente'!$H$2:$H$492,MATCH(56,'Output Utente'!$Q$2:$Q$492,0)),"") -> 19 | L59: =IFERROR(INDEX('Output Utente'!$E$2:$E$492,MATCH(56,'Output Utente'!$Q$2:$Q$492,0)),"") -> NO | M59: =IFERROR(INDEX('Output Utente'!$U$2:$U$492,MATCH(56,'Output Utente'!$Q$2:$Q$492,0)),"") -> OK | N59: =IFERROR(INDEX('Output Utente'!$AE$2:$AE$492,MATCH(56,'Output Utente'!$Q$2:$Q$492,0)),"") -> 🔴 Non aspettare
A60: 57 | B60: =IFERROR(INDEX('Output Utente'!$A$2:$A$492,MATCH(57,'Output Utente'!$Q$2:$Q$492,0)),"") -> 4312 | C60: =IFERROR(INDEX('Output Utente'!$B$2:$B$492,MATCH(57,'Output Utente'!$Q$2:$Q$492,0)),"") -> P | D60: =IFERROR(INDEX('Output Utente'!$C$2:$C$492,MATCH(57,'Output Utente'!$Q$2:$Q$492,0)),"") -> Maignan | E60: =IFERROR(INDEX('Input Giocatori 2026_27'!$D$3:$D$493,MATCH($B60,'Input Giocatori 2026_27'!$A$3:$A$493,0)),"") -> Milan | F60: =IFERROR(INDEX('Output Utente'!$N$2:$N$492,MATCH(57,'Output Utente'!$Q$2:$Q$492,0)),"") -> 15 | G60: =IFERROR(INDEX('Output Utente'!$O$2:$O$492,MATCH(57,'Output Utente'!$Q$2:$Q$492,0)),"") -> 50 | H60: =IFERROR(INDEX('Output Utente'!$P$2:$P$492,MATCH(57,'Output Utente'!$Q$2:$Q$492,0)),"") -> Top | I60: =IFERROR(INDEX('Output Utente'!$F$2:$F$492,MATCH(57,'Output Utente'!$Q$2:$Q$492,0)),"") -> 84 | J60: =IFERROR(INDEX('Output Utente'!$G$2:$G$492,MATCH(57,'Output Utente'!$Q$2:$Q$492,0)),"") -> 68 | K60: =IFERROR(INDEX('Output Utente'!$H$2:$H$492,MATCH(57,'Output Utente'!$Q$2:$Q$492,0)),"") -> 91 | L60: =IFERROR(INDEX('Output Utente'!$E$2:$E$492,MATCH(57,'Output Utente'!$Q$2:$Q$492,0)),"") -> NO | M60: =IFERROR(INDEX('Output Utente'!$U$2:$U$492,MATCH(57,'Output Utente'!$Q$2:$Q$492,0)),"") -> Attenzione | N60: =IFERROR(INDEX('Output Utente'!$AE$2:$AE$492,MATCH(57,'Output Utente'!$Q$2:$Q$492,0)),"") -> 🟡 Attesa rischiosa
A61: 58 | B61: =IFERROR(INDEX('Output Utente'!$A$2:$A$492,MATCH(58,'Output Utente'!$Q$2:$Q$492,0)),"") -> 2788 | C61: =IFERROR(INDEX('Output Utente'!$B$2:$B$492,MATCH(58,'Output Utente'!$Q$2:$Q$492,0)),"") -> D | D61: =IFERROR(INDEX('Output Utente'!$C$2:$C$492,MATCH(58,'Output Utente'!$Q$2:$Q$492,0)),"") -> Bremer | E61: =IFERROR(INDEX('Input Giocatori 2026_27'!$D$3:$D$493,MATCH($B61,'Input Giocatori 2026_27'!$A$3:$A$493,0)),"") -> Juventus | F61: =IFERROR(INDEX('Output Utente'!$N$2:$N$492,MATCH(58,'Output Utente'!$Q$2:$Q$492,0)),"") -> 15 | G61: =IFERROR(INDEX('Output Utente'!$O$2:$O$492,MATCH(58,'Output Utente'!$Q$2:$Q$492,0)),"") -> 50 | H61: =IFERROR(INDEX('Output Utente'!$P$2:$P$492,MATCH(58,'Output Utente'!$Q$2:$Q$492,0)),"") -> Top | I61: =IFERROR(INDEX('Output Utente'!$F$2:$F$492,MATCH(58,'Output Utente'!$Q$2:$Q$492,0)),"") -> 35 | J61: =IFERROR(INDEX('Output Utente'!$G$2:$G$492,MATCH(58,'Output Utente'!$Q$2:$Q$492,0)),"") -> 26 | K61: =IFERROR(INDEX('Output Utente'!$H$2:$H$492,MATCH(58,'Output Utente'!$Q$2:$Q$492,0)),"") -> 39 | L61: =IFERROR(INDEX('Output Utente'!$E$2:$E$492,MATCH(58,'Output Utente'!$Q$2:$Q$492,0)),"") -> NO | M61: =IFERROR(INDEX('Output Utente'!$U$2:$U$492,MATCH(58,'Output Utente'!$Q$2:$Q$492,0)),"") -> OK | N61: =IFERROR(INDEX('Output Utente'!$AE$2:$AE$492,MATCH(58,'Output Utente'!$Q$2:$Q$492,0)),"") -> 🟡 Attesa rischiosa
A62: 59 | B62: =IFERROR(INDEX('Output Utente'!$A$2:$A$492,MATCH(59,'Output Utente'!$Q$2:$Q$492,0)),"") -> 2606 | C62: =IFERROR(INDEX('Output Utente'!$B$2:$B$492,MATCH(59,'Output Utente'!$Q$2:$Q$492,0)),"") -> C | D62: =IFERROR(INDEX('Output Utente'!$C$2:$C$492,MATCH(59,'Output Utente'!$Q$2:$Q$492,0)),"") -> Modric | E62: =IFERROR(INDEX('Input Giocatori 2026_27'!$D$3:$D$493,MATCH($B62,'Input Giocatori 2026_27'!$A$3:$A$493,0)),"") -> Milan | F62: =IFERROR(INDEX('Output Utente'!$N$2:$N$492,MATCH(59,'Output Utente'!$Q$2:$Q$492,0)),"") -> 12 | G62: =IFERROR(INDEX('Output Utente'!$O$2:$O$492,MATCH(59,'Output Utente'!$Q$2:$Q$492,0)),"") -> 50 | H62: =IFERROR(INDEX('Output Utente'!$P$2:$P$492,MATCH(59,'Output Utente'!$Q$2:$Q$492,0)),"") -> Top | I62: =IFERROR(INDEX('Output Utente'!$F$2:$F$492,MATCH(59,'Output Utente'!$Q$2:$Q$492,0)),"") -> 34 | J62: =IFERROR(INDEX('Output Utente'!$G$2:$G$492,MATCH(59,'Output Utente'!$Q$2:$Q$492,0)),"") -> 23 | K62: =IFERROR(INDEX('Output Utente'!$H$2:$H$492,MATCH(59,'Output Utente'!$Q$2:$Q$492,0)),"") -> 38 | L62: =IFERROR(INDEX('Output Utente'!$E$2:$E$492,MATCH(59,'Output Utente'!$Q$2:$Q$492,0)),"") -> NO | M62: =IFERROR(INDEX('Output Utente'!$U$2:$U$492,MATCH(59,'Output Utente'!$Q$2:$Q$492,0)),"") -> OK | N62: =IFERROR(INDEX('Output Utente'!$AE$2:$AE$492,MATCH(59,'Output Utente'!$Q$2:$Q$492,0)),"") -> 🟡 Attesa rischiosa
A63: 60 | B63: =IFERROR(INDEX('Output Utente'!$A$2:$A$492,MATCH(60,'Output Utente'!$Q$2:$Q$492,0)),"") -> 4463 | C63: =IFERROR(INDEX('Output Utente'!$B$2:$B$492,MATCH(60,'Output Utente'!$Q$2:$Q$492,0)),"") -> A | D63: =IFERROR(INDEX('Output Utente'!$C$2:$C$492,MATCH(60,'Output Utente'!$Q$2:$Q$492,0)),"") -> Esposito Se. | E63: =IFERROR(INDEX('Input Giocatori 2026_27'!$D$3:$D$493,MATCH($B63,'Input Giocatori 2026_27'!$A$3:$A$493,0)),"") -> Cagliari | F63: =IFERROR(INDEX('Output Utente'!$N$2:$N$492,MATCH(60,'Output Utente'!$Q$2:$Q$492,0)),"") -> 13 | G63: =IFERROR(INDEX('Output Utente'!$O$2:$O$492,MATCH(60,'Output Utente'!$Q$2:$Q$492,0)),"") -> 50 | H63: =IFERROR(INDEX('Output Utente'!$P$2:$P$492,MATCH(60,'Output Utente'!$Q$2:$Q$492,0)),"") -> Buono | I63: =IFERROR(INDEX('Output Utente'!$F$2:$F$492,MATCH(60,'Output Utente'!$Q$2:$Q$492,0)),"") -> 16 | J63: =IFERROR(INDEX('Output Utente'!$G$2:$G$492,MATCH(60,'Output Utente'!$Q$2:$Q$492,0)),"") -> 10 | K63: =IFERROR(INDEX('Output Utente'!$H$2:$H$492,MATCH(60,'Output Utente'!$Q$2:$Q$492,0)),"") -> 19 | L63: =IFERROR(INDEX('Output Utente'!$E$2:$E$492,MATCH(60,'Output Utente'!$Q$2:$Q$492,0)),"") -> NO | M63: =IFERROR(INDEX('Output Utente'!$U$2:$U$492,MATCH(60,'Output Utente'!$Q$2:$Q$492,0)),"") -> OK | N63: =IFERROR(INDEX('Output Utente'!$AE$2:$AE$492,MATCH(60,'Output Utente'!$Q$2:$Q$492,0)),"") -> 🔴 Non aspettare
A64: 61 | B64: =IFERROR(INDEX('Output Utente'!$A$2:$A$492,MATCH(61,'Output Utente'!$Q$2:$Q$492,0)),"") -> 6967 | C64: =IFERROR(INDEX('Output Utente'!$B$2:$B$492,MATCH(61,'Output Utente'!$Q$2:$Q$492,0)),"") -> A | D64: =IFERROR(INDEX('Output Utente'!$C$2:$C$492,MATCH(61,'Output Utente'!$Q$2:$Q$492,0)),"") -> Diao | E64: =IFERROR(INDEX('Input Giocatori 2026_27'!$D$3:$D$493,MATCH($B64,'Input Giocatori 2026_27'!$A$3:$A$493,0)),"") -> Como | F64: =IFERROR(INDEX('Output Utente'!$N$2:$N$492,MATCH(61,'Output Utente'!$Q$2:$Q$492,0)),"") -> 11 | G64: =IFERROR(INDEX('Output Utente'!$O$2:$O$492,MATCH(61,'Output Utente'!$Q$2:$Q$492,0)),"") -> 50 | H64: =IFERROR(INDEX('Output Utente'!$P$2:$P$492,MATCH(61,'Output Utente'!$Q$2:$Q$492,0)),"") -> Buono | I64: =IFERROR(INDEX('Output Utente'!$F$2:$F$492,MATCH(61,'Output Utente'!$Q$2:$Q$492,0)),"") -> 16 | J64: =IFERROR(INDEX('Output Utente'!$G$2:$G$492,MATCH(61,'Output Utente'!$Q$2:$Q$492,0)),"") -> 10 | K64: =IFERROR(INDEX('Output Utente'!$H$2:$H$492,MATCH(61,'Output Utente'!$Q$2:$Q$492,0)),"") -> 19 | L64: =IFERROR(INDEX('Output Utente'!$E$2:$E$492,MATCH(61,'Output Utente'!$Q$2:$Q$492,0)),"") -> NO | M64: =IFERROR(INDEX('Output Utente'!$U$2:$U$492,MATCH(61,'Output Utente'!$Q$2:$Q$492,0)),"") -> OK | N64: =IFERROR(INDEX('Output Utente'!$AE$2:$AE$492,MATCH(61,'Output Utente'!$Q$2:$Q$492,0)),"") -> 🔴 Non aspettare
A65: 62 | B65: =IFERROR(INDEX('Output Utente'!$A$2:$A$492,MATCH(62,'Output Utente'!$Q$2:$Q$492,0)),"") -> 2296 | C65: =IFERROR(INDEX('Output Utente'!$B$2:$B$492,MATCH(62,'Output Utente'!$Q$2:$Q$492,0)),"") -> D | D65: =IFERROR(INDEX('Output Utente'!$C$2:$C$492,MATCH(62,'Output Utente'!$Q$2:$Q$492,0)),"") -> Mancini | E65: =IFERROR(INDEX('Input Giocatori 2026_27'!$D$3:$D$493,MATCH($B65,'Input Giocatori 2026_27'!$A$3:$A$493,0)),"") -> Roma | F65: =IFERROR(INDEX('Output Utente'!$N$2:$N$492,MATCH(62,'Output Utente'!$Q$2:$Q$492,0)),"") -> 15 | G65: =IFERROR(INDEX('Output Utente'!$O$2:$O$492,MATCH(62,'Output Utente'!$Q$2:$Q$492,0)),"") -> 49 | H65: =IFERROR(INDEX('Output Utente'!$P$2:$P$492,MATCH(62,'Output Utente'!$Q$2:$Q$492,0)),"") -> Top | I65: =IFERROR(INDEX('Output Utente'!$F$2:$F$492,MATCH(62,'Output Utente'!$Q$2:$Q$492,0)),"") -> 34 | J65: =IFERROR(INDEX('Output Utente'!$G$2:$G$492,MATCH(62,'Output Utente'!$Q$2:$Q$492,0)),"") -> 25 | K65: =IFERROR(INDEX('Output Utente'!$H$2:$H$492,MATCH(62,'Output Utente'!$Q$2:$Q$492,0)),"") -> 38 | L65: =IFERROR(INDEX('Output Utente'!$E$2:$E$492,MATCH(62,'Output Utente'!$Q$2:$Q$492,0)),"") -> NO | M65: =IFERROR(INDEX('Output Utente'!$U$2:$U$492,MATCH(62,'Output Utente'!$Q$2:$Q$492,0)),"") -> OK | N65: =IFERROR(INDEX('Output Utente'!$AE$2:$AE$492,MATCH(62,'Output Utente'!$Q$2:$Q$492,0)),"") -> 🟡 Attesa rischiosa
A66: 63 | B66: =IFERROR(INDEX('Output Utente'!$A$2:$A$492,MATCH(63,'Output Utente'!$Q$2:$Q$492,0)),"") -> 5022 | C66: =IFERROR(INDEX('Output Utente'!$B$2:$B$492,MATCH(63,'Output Utente'!$Q$2:$Q$492,0)),"") -> D | D66: =IFERROR(INDEX('Output Utente'!$C$2:$C$492,MATCH(63,'Output Utente'!$Q$2:$Q$492,0)),"") -> Pavlovic | E66: =IFERROR(INDEX('Input Giocatori 2026_27'!$D$3:$D$493,MATCH($B66,'Input Giocatori 2026_27'!$A$3:$A$493,0)),"") -> Milan | F66: =IFERROR(INDEX('Output Utente'!$N$2:$N$492,MATCH(63,'Output Utente'!$Q$2:$Q$492,0)),"") -> 14 | G66: =IFERROR(INDEX('Output Utente'!$O$2:$O$492,MATCH(63,'Output Utente'!$Q$2:$Q$492,0)),"") -> 48 | H66: =IFERROR(INDEX('Output Utente'!$P$2:$P$492,MATCH(63,'Output Utente'!$Q$2:$Q$492,0)),"") -> Top | I66: =IFERROR(INDEX('Output Utente'!$F$2:$F$492,MATCH(63,'Output Utente'!$Q$2:$Q$492,0)),"") -> 33 | J66: =IFERROR(INDEX('Output Utente'!$G$2:$G$492,MATCH(63,'Output Utente'!$Q$2:$Q$492,0)),"") -> 25 | K66: =IFERROR(INDEX('Output Utente'!$H$2:$H$492,MATCH(63,'Output Utente'!$Q$2:$Q$492,0)),"") -> 37 | L66: =IFERROR(INDEX('Output Utente'!$E$2:$E$492,MATCH(63,'Output Utente'!$Q$2:$Q$492,0)),"") -> NO | M66: =IFERROR(INDEX('Output Utente'!$U$2:$U$492,MATCH(63,'Output Utente'!$Q$2:$Q$492,0)),"") -> OK | N66: =IFERROR(INDEX('Output Utente'!$AE$2:$AE$492,MATCH(63,'Output Utente'!$Q$2:$Q$492,0)),"") -> 🟡 Attesa rischiosa
A67: 64 | B67: =IFERROR(INDEX('Output Utente'!$A$2:$A$492,MATCH(64,'Output Utente'!$Q$2:$Q$492,0)),"") -> 4409 | C67: =IFERROR(INDEX('Output Utente'!$B$2:$B$492,MATCH(64,'Output Utente'!$Q$2:$Q$492,0)),"") -> D | D67: =IFERROR(INDEX('Output Utente'!$C$2:$C$492,MATCH(64,'Output Utente'!$Q$2:$Q$492,0)),"") -> Rrahmani | E67: =IFERROR(INDEX('Input Giocatori 2026_27'!$D$3:$D$493,MATCH($B67,'Input Giocatori 2026_27'!$A$3:$A$493,0)),"") -> Napoli | F67: =IFERROR(INDEX('Output Utente'!$N$2:$N$492,MATCH(64,'Output Utente'!$Q$2:$Q$492,0)),"") -> 14 | G67: =IFERROR(INDEX('Output Utente'!$O$2:$O$492,MATCH(64,'Output Utente'!$Q$2:$Q$492,0)),"") -> 47 | H67: =IFERROR(INDEX('Output Utente'!$P$2:$P$492,MATCH(64,'Output Utente'!$Q$2:$Q$492,0)),"") -> Top | I67: =IFERROR(INDEX('Output Utente'!$F$2:$F$492,MATCH(64,'Output Utente'!$Q$2:$Q$492,0)),"") -> 32 | J67: =IFERROR(INDEX('Output Utente'!$G$2:$G$492,MATCH(64,'Output Utente'!$Q$2:$Q$492,0)),"") -> 24 | K67: =IFERROR(INDEX('Output Utente'!$H$2:$H$492,MATCH(64,'Output Utente'!$Q$2:$Q$492,0)),"") -> 36 | L67: =IFERROR(INDEX('Output Utente'!$E$2:$E$492,MATCH(64,'Output Utente'!$Q$2:$Q$492,0)),"") -> NO | M67: =IFERROR(INDEX('Output Utente'!$U$2:$U$492,MATCH(64,'Output Utente'!$Q$2:$Q$492,0)),"") -> OK | N67: =IFERROR(INDEX('Output Utente'!$AE$2:$AE$492,MATCH(64,'Output Utente'!$Q$2:$Q$492,0)),"") -> 🟡 Attesa rischiosa
A68: 65 | B68: =IFERROR(INDEX('Output Utente'!$A$2:$A$492,MATCH(65,'Output Utente'!$Q$2:$Q$492,0)),"") -> 536 | C68: =IFERROR(INDEX('Output Utente'!$B$2:$B$492,MATCH(65,'Output Utente'!$Q$2:$Q$492,0)),"") -> C | D68: =IFERROR(INDEX('Output Utente'!$C$2:$C$492,MATCH(65,'Output Utente'!$Q$2:$Q$492,0)),"") -> Politano | E68: =IFERROR(INDEX('Input Giocatori 2026_27'!$D$3:$D$493,MATCH($B68,'Input Giocatori 2026_27'!$A$3:$A$493,0)),"") -> Napoli | F68: =IFERROR(INDEX('Output Utente'!$N$2:$N$492,MATCH(65,'Output Utente'!$Q$2:$Q$492,0)),"") -> 10 | G68: =IFERROR(INDEX('Output Utente'!$O$2:$O$492,MATCH(65,'Output Utente'!$Q$2:$Q$492,0)),"") -> 47 | H68: =IFERROR(INDEX('Output Utente'!$P$2:$P$492,MATCH(65,'Output Utente'!$Q$2:$Q$492,0)),"") -> Top | I68: =IFERROR(INDEX('Output Utente'!$F$2:$F$492,MATCH(65,'Output Utente'!$Q$2:$Q$492,0)),"") -> 31 | J68: =IFERROR(INDEX('Output Utente'!$G$2:$G$492,MATCH(65,'Output Utente'!$Q$2:$Q$492,0)),"") -> 21 | K68: =IFERROR(INDEX('Output Utente'!$H$2:$H$492,MATCH(65,'Output Utente'!$Q$2:$Q$492,0)),"") -> 35 | L68: =IFERROR(INDEX('Output Utente'!$E$2:$E$492,MATCH(65,'Output Utente'!$Q$2:$Q$492,0)),"") -> NO | M68: =IFERROR(INDEX('Output Utente'!$U$2:$U$492,MATCH(65,'Output Utente'!$Q$2:$Q$492,0)),"") -> OK | N68: =IFERROR(INDEX('Output Utente'!$AE$2:$AE$492,MATCH(65,'Output Utente'!$Q$2:$Q$492,0)),"") -> 🟡 Attesa rischiosa
A69: 66 | B69: =IFERROR(INDEX('Output Utente'!$A$2:$A$492,MATCH(66,'Output Utente'!$Q$2:$Q$492,0)),"") -> 4976 | C69: =IFERROR(INDEX('Output Utente'!$B$2:$B$492,MATCH(66,'Output Utente'!$Q$2:$Q$492,0)),"") -> D | D69: =IFERROR(INDEX('Output Utente'!$C$2:$C$492,MATCH(66,'Output Utente'!$Q$2:$Q$492,0)),"") -> Kalulu | E69: =IFERROR(INDEX('Input Giocatori 2026_27'!$D$3:$D$493,MATCH($B69,'Input Giocatori 2026_27'!$A$3:$A$493,0)),"") -> Juventus | F69: =IFERROR(INDEX('Output Utente'!$N$2:$N$492,MATCH(66,'Output Utente'!$Q$2:$Q$492,0)),"") -> 13 | G69: =IFERROR(INDEX('Output Utente'!$O$2:$O$492,MATCH(66,'Output Utente'!$Q$2:$Q$492,0)),"") -> 46 | H69: =IFERROR(INDEX('Output Utente'!$P$2:$P$492,MATCH(66,'Output Utente'!$Q$2:$Q$492,0)),"") -> Top | I69: =IFERROR(INDEX('Output Utente'!$F$2:$F$492,MATCH(66,'Output Utente'!$Q$2:$Q$492,0)),"") -> 31 | J69: =IFERROR(INDEX('Output Utente'!$G$2:$G$492,MATCH(66,'Output Utente'!$Q$2:$Q$492,0)),"") -> 23 | K69: =IFERROR(INDEX('Output Utente'!$H$2:$H$492,MATCH(66,'Output Utente'!$Q$2:$Q$492,0)),"") -> 35 | L69: =IFERROR(INDEX('Output Utente'!$E$2:$E$492,MATCH(66,'Output Utente'!$Q$2:$Q$492,0)),"") -> NO | M69: =IFERROR(INDEX('Output Utente'!$U$2:$U$492,MATCH(66,'Output Utente'!$Q$2:$Q$492,0)),"") -> OK | N69: =IFERROR(INDEX('Output Utente'!$AE$2:$AE$492,MATCH(66,'Output Utente'!$Q$2:$Q$492,0)),"") -> 🟡 Attesa rischiosa
A70: 67 | B70: =IFERROR(INDEX('Output Utente'!$A$2:$A$492,MATCH(67,'Output Utente'!$Q$2:$Q$492,0)),"") -> 6956 | C70: =IFERROR(INDEX('Output Utente'!$B$2:$B$492,MATCH(67,'Output Utente'!$Q$2:$Q$492,0)),"") -> D | D70: =IFERROR(INDEX('Output Utente'!$C$2:$C$492,MATCH(67,'Output Utente'!$Q$2:$Q$492,0)),"") -> Solet | E70: =IFERROR(INDEX('Input Giocatori 2026_27'!$D$3:$D$493,MATCH($B70,'Input Giocatori 2026_27'!$A$3:$A$493,0)),"") -> Udinese | F70: =IFERROR(INDEX('Output Utente'!$N$2:$N$492,MATCH(67,'Output Utente'!$Q$2:$Q$492,0)),"") -> 13 | G70: =IFERROR(INDEX('Output Utente'!$O$2:$O$492,MATCH(67,'Output Utente'!$Q$2:$Q$492,0)),"") -> 46 | H70: =IFERROR(INDEX('Output Utente'!$P$2:$P$492,MATCH(67,'Output Utente'!$Q$2:$Q$492,0)),"") -> Top | I70: =IFERROR(INDEX('Output Utente'!$F$2:$F$492,MATCH(67,'Output Utente'!$Q$2:$Q$492,0)),"") -> 31 | J70: =IFERROR(INDEX('Output Utente'!$G$2:$G$492,MATCH(67,'Output Utente'!$Q$2:$Q$492,0)),"") -> 23 | K70: =IFERROR(INDEX('Output Utente'!$H$2:$H$492,MATCH(67,'Output Utente'!$Q$2:$Q$492,0)),"") -> 35 | L70: =IFERROR(INDEX('Output Utente'!$E$2:$E$492,MATCH(67,'Output Utente'!$Q$2:$Q$492,0)),"") -> NO | M70: =IFERROR(INDEX('Output Utente'!$U$2:$U$492,MATCH(67,'Output Utente'!$Q$2:$Q$492,0)),"") -> OK | N70: =IFERROR(INDEX('Output Utente'!$AE$2:$AE$492,MATCH(67,'Output Utente'!$Q$2:$Q$492,0)),"") -> 🟡 Attesa rischiosa
A71: 68 | B71: =IFERROR(INDEX('Output Utente'!$A$2:$A$492,MATCH(68,'Output Utente'!$Q$2:$Q$492,0)),"") -> 2521 | C71: =IFERROR(INDEX('Output Utente'!$B$2:$B$492,MATCH(68,'Output Utente'!$Q$2:$Q$492,0)),"") -> P | D71: =IFERROR(INDEX('Output Utente'!$C$2:$C$492,MATCH(68,'Output Utente'!$Q$2:$Q$492,0)),"") -> De Gea | E71: =IFERROR(INDEX('Input Giocatori 2026_27'!$D$3:$D$493,MATCH($B71,'Input Giocatori 2026_27'!$A$3:$A$493,0)),"") -> Fiorentina | F71: =IFERROR(INDEX('Output Utente'!$N$2:$N$492,MATCH(68,'Output Utente'!$Q$2:$Q$492,0)),"") -> 13 | G71: =IFERROR(INDEX('Output Utente'!$O$2:$O$492,MATCH(68,'Output Utente'!$Q$2:$Q$492,0)),"") -> 45 | H71: =IFERROR(INDEX('Output Utente'!$P$2:$P$492,MATCH(68,'Output Utente'!$Q$2:$Q$492,0)),"") -> Top | I71: =IFERROR(INDEX('Output Utente'!$F$2:$F$492,MATCH(68,'Output Utente'!$Q$2:$Q$492,0)),"") -> 75 | J71: =IFERROR(INDEX('Output Utente'!$G$2:$G$492,MATCH(68,'Output Utente'!$Q$2:$Q$492,0)),"") -> 60 | K71: =IFERROR(INDEX('Output Utente'!$H$2:$H$492,MATCH(68,'Output Utente'!$Q$2:$Q$492,0)),"") -> 81 | L71: =IFERROR(INDEX('Output Utente'!$E$2:$E$492,MATCH(68,'Output Utente'!$Q$2:$Q$492,0)),"") -> NO | M71: =IFERROR(INDEX('Output Utente'!$U$2:$U$492,MATCH(68,'Output Utente'!$Q$2:$Q$492,0)),"") -> Attenzione | N71: =IFERROR(INDEX('Output Utente'!$AE$2:$AE$492,MATCH(68,'Output Utente'!$Q$2:$Q$492,0)),"") -> 🟡 Attesa rischiosa
A72: 69 | B72: =IFERROR(INDEX('Output Utente'!$A$2:$A$492,MATCH(69,'Output Utente'!$Q$2:$Q$492,0)),"") -> 572 | C72: =IFERROR(INDEX('Output Utente'!$B$2:$B$492,MATCH(69,'Output Utente'!$Q$2:$Q$492,0)),"") -> P | D72: =IFERROR(INDEX('Output Utente'!$C$2:$C$492,MATCH(69,'Output Utente'!$Q$2:$Q$492,0)),"") -> Meret | E72: =IFERROR(INDEX('Input Giocatori 2026_27'!$D$3:$D$493,MATCH($B72,'Input Giocatori 2026_27'!$A$3:$A$493,0)),"") -> Napoli | F72: =IFERROR(INDEX('Output Utente'!$N$2:$N$492,MATCH(69,'Output Utente'!$Q$2:$Q$492,0)),"") -> 11 | G72: =IFERROR(INDEX('Output Utente'!$O$2:$O$492,MATCH(69,'Output Utente'!$Q$2:$Q$492,0)),"") -> 45 | H72: =IFERROR(INDEX('Output Utente'!$P$2:$P$492,MATCH(69,'Output Utente'!$Q$2:$Q$492,0)),"") -> Top | I72: =IFERROR(INDEX('Output Utente'!$F$2:$F$492,MATCH(69,'Output Utente'!$Q$2:$Q$492,0)),"") -> 75 | J72: =IFERROR(INDEX('Output Utente'!$G$2:$G$492,MATCH(69,'Output Utente'!$Q$2:$Q$492,0)),"") -> 60 | K72: =IFERROR(INDEX('Output Utente'!$H$2:$H$492,MATCH(69,'Output Utente'!$Q$2:$Q$492,0)),"") -> 82 | L72: =IFERROR(INDEX('Output Utente'!$E$2:$E$492,MATCH(69,'Output Utente'!$Q$2:$Q$492,0)),"") -> NO | M72: =IFERROR(INDEX('Output Utente'!$U$2:$U$492,MATCH(69,'Output Utente'!$Q$2:$Q$492,0)),"") -> Attenzione | N72: =IFERROR(INDEX('Output Utente'!$AE$2:$AE$492,MATCH(69,'Output Utente'!$Q$2:$Q$492,0)),"") -> 🟡 Attesa rischiosa
